run,case,profile,samples,faces,complete,valid,error,charts,small,mean,worst,overlap,uvArea,unwrapMs,checkMs,chartMaxCost,chartNormalDeviation,chartRoundness,chartStraightness,chartNormalSeam,chartIterations,textureResolution,padding,packBruteForce,packRotate,packBlockAlign,reduceUvFragmentation,mergeCharts
chart-first-pass,bust,upstream-default,1,1997,True,True,,92.0,62.0,1.0351960683014,3.00663372536081,6.0,0.606014931496825,64.8721,7.2344,2.0,2.0,0.009999999776482582,6.0,4.0,1,512,2,False,True,False,False,False
chart-first-pass,bust,c1_s6_n2_r0.01_se4_i1,1,1997,True,True,,90.0,49.0,1.02721683451243,2.83932968665294,2.0,0.57034370940951,48.703,3.4313,1.0,2.0,0.009999999776482582,6.0,4.0,1,512,2,False,True,False,False,False
chart-first-pass,bust,c1_s6_n2_r0.01_se4_i2,1,1997,True,True,,98.0,63.0,1.02974315613706,2.65448453058142,4.0,0.585026944859914,61.2102,4.1171,1.0,2.0,0.009999999776482582,6.0,4.0,2,512,2,False,True,False,False,False
chart-first-pass,bust,c1_s6_n2_r0.01_se4_i4,1,1997,True,True,,90.0,56.0,1.06705595081477,2.59220210032393,4.0,0.574988529725105,84.525,3.5181,1.0,2.0,0.009999999776482582,6.0,4.0,4,512,2,False,True,False,False,False
chart-first-pass,bust,c1_s6_n2_r0.01_se4_i8,1,1997,True,True,,97.0,59.0,1.04950152558096,2.56926231574781,6.0,0.54361886571227,133.8273,3.606,1.0,2.0,0.009999999776482582,6.0,4.0,8,512,2,False,True,False,False,False
chart-first-pass,bust,c1_s6_n2_r0.01_se4_i16,1,1997,True,True,,95.0,60.0,1.07192191827827,2.82589298354943,2.0,0.611973979472804,213.247,3.6252,1.0,2.0,0.009999999776482582,6.0,4.0,16,512,2,False,True,False,False,False
chart-first-pass,bust,c2_s6_n2_r0.01_se4_i2,1,1997,True,True,,90.0,60.0,1.05277333747736,2.49956754642387,2.0,0.634214894484401,80.6951,3.5115,2.0,2.0,0.009999999776482582,6.0,4.0,2,512,2,False,True,False,False,False
chart-first-pass,bust,c2_s6_n2_r0.01_se4_i4,1,1997,True,True,,84.0,53.0,1.02777556942229,4.91479484988349,2.0,0.602834001949384,99.9163,3.593,2.0,2.0,0.009999999776482582,6.0,4.0,4,512,2,False,True,False,False,False
chart-first-pass,bust,c2_s6_n2_r0.01_se4_i8,1,1997,True,True,,89.0,53.0,1.06347878935038,2.14169927082451,4.0,0.569003130294451,150.4958,4.1844,2.0,2.0,0.009999999776482582,6.0,4.0,8,512,2,False,True,False,False,False
chart-first-pass,bust,c2_s6_n2_r0.01_se4_i16,1,1997,True,True,,86.0,51.0,1.05762833605261,2.34972671175475,4.0,0.579899523131685,242.9664,3.5427,2.0,2.0,0.009999999776482582,6.0,4.0,16,512,2,False,True,False,False,False
chart-first-pass,bust,c3_s6_n2_r0.01_se4_i1,1,1997,True,True,,82.0,53.0,1.03486090026816,2.95653831236442,4.0,0.597131116754495,65.8393,3.5827,3.0,2.0,0.009999999776482582,6.0,4.0,1,512,2,False,True,False,False,False
chart-first-pass,bust,c3_s6_n2_r0.01_se4_i2,1,1997,True,True,,71.0,44.0,1.03270722470695,3.11927959984325,2.0,0.573340799614933,75.2577,3.6425,3.0,2.0,0.009999999776482582,6.0,4.0,2,512,2,False,True,False,False,False
chart-first-pass,bust,c3_s6_n2_r0.01_se4_i4,1,1997,True,True,,73.0,44.0,1.04026657342913,3.21676950721309,16.0,0.621340937185038,99.5976,3.6078,3.0,2.0,0.009999999776482582,6.0,4.0,4,512,2,False,True,False,False,False
chart-first-pass,bust,c3_s6_n2_r0.01_se4_i8,1,1997,True,True,,68.0,43.0,1.03165613804256,2.69110748608762,4.0,0.596026191756816,147.3877,3.7535,3.0,2.0,0.009999999776482582,6.0,4.0,8,512,2,False,True,False,False,False
chart-first-pass,bust,c3_s6_n2_r0.01_se4_i16,1,1997,True,True,,82.0,47.0,1.12350232353413,4.89516133103958,4.0,0.588932701396228,248.0164,4.3112,3.0,2.0,0.009999999776482582,6.0,4.0,16,512,2,False,True,False,False,False
chart-first-pass,bust,c5_s6_n2_r0.01_se4_i1,1,1997,True,True,,82.0,53.0,1.03486090026816,2.95653831236442,4.0,0.597131116754495,61.7066,4.2472,5.0,2.0,0.009999999776482582,6.0,4.0,1,512,2,False,True,False,False,False
chart-first-pass,bust,c5_s6_n2_r0.01_se4_i2,1,1997,True,True,,71.0,44.0,1.03270722470695,3.11927959984325,2.0,0.573340799614933,73.7311,3.5698,5.0,2.0,0.009999999776482582,6.0,4.0,2,512,2,False,True,False,False,False
chart-first-pass,bust,c5_s6_n2_r0.01_se4_i4,1,1997,True,True,,73.0,44.0,1.04026657342913,3.21676950721309,16.0,0.621340937185038,98.7517,4.5814,5.0,2.0,0.009999999776482582,6.0,4.0,4,512,2,False,True,False,False,False
chart-first-pass,bust,c5_s6_n2_r0.01_se4_i8,1,1997,True,True,,68.0,43.0,1.03165613804256,2.69110748608762,4.0,0.596026191756816,150.4044,4.2931,5.0,2.0,0.009999999776482582,6.0,4.0,8,512,2,False,True,False,False,False
chart-first-pass,bust,c5_s6_n2_r0.01_se4_i16,1,1997,True,True,,82.0,47.0,1.12350232353413,4.89516133103958,4.0,0.588932701396228,254.716,4.0307,5.0,2.0,0.009999999776482582,6.0,4.0,16,512,2,False,True,False,False,False
chart-first-pass,bust,c8_s6_n2_r0.01_se4_i1,1,1997,True,True,,82.0,53.0,1.03486090026816,2.95653831236442,4.0,0.597131116754495,63.956,3.6122,8.0,2.0,0.009999999776482582,6.0,4.0,1,512,2,False,True,False,False,False
chart-first-pass,bust,c8_s6_n2_r0.01_se4_i2,1,1997,True,True,,71.0,44.0,1.03270722470695,3.11927959984325,2.0,0.573340799614933,73.8714,4.1923,8.0,2.0,0.009999999776482582,6.0,4.0,2,512,2,False,True,False,False,False
chart-first-pass,bust,c8_s6_n2_r0.01_se4_i4,1,1997,True,True,,73.0,44.0,1.04026657342913,3.21676950721309,16.0,0.621340937185038,103.5964,3.6533,8.0,2.0,0.009999999776482582,6.0,4.0,4,512,2,False,True,False,False,False
chart-first-pass,bust,c8_s6_n2_r0.01_se4_i8,1,1997,True,True,,68.0,43.0,1.03165613804256,2.69110748608762,4.0,0.596026191756816,153.8016,3.7833,8.0,2.0,0.009999999776482582,6.0,4.0,8,512,2,False,True,False,False,False
chart-first-pass,bust,c8_s6_n2_r0.01_se4_i16,1,1997,True,True,,82.0,47.0,1.12350232353413,4.89516133103958,4.0,0.588932701396228,249.9265,3.6697,8.0,2.0,0.009999999776482582,6.0,4.0,16,512,2,False,True,False,False,False
chart-first-pass,bust,c12_s6_n2_r0.01_se4_i1,1,1997,True,True,,82.0,53.0,1.03486090026816,2.95653831236442,4.0,0.597131116754495,62.9126,3.6578,12.0,2.0,0.009999999776482582,6.0,4.0,1,512,2,False,True,False,False,False
chart-first-pass,bust,c12_s6_n2_r0.01_se4_i2,1,1997,True,True,,71.0,44.0,1.03270722470695,3.11927959984325,2.0,0.573340799614933,72.1565,4.3559,12.0,2.0,0.009999999776482582,6.0,4.0,2,512,2,False,True,False,False,False
chart-first-pass,bust,c12_s6_n2_r0.01_se4_i4,1,1997,True,True,,73.0,44.0,1.04026657342913,3.21676950721309,16.0,0.621340937185038,99.4481,4.3595,12.0,2.0,0.009999999776482582,6.0,4.0,4,512,2,False,True,False,False,False
chart-first-pass,bust,c12_s6_n2_r0.01_se4_i8,1,1997,True,True,,68.0,43.0,1.03165613804256,2.69110748608762,4.0,0.596026191756816,150.2521,3.8238,12.0,2.0,0.009999999776482582,6.0,4.0,8,512,2,False,True,False,False,False
chart-first-pass,bust,c12_s6_n2_r0.01_se4_i16,1,1997,True,True,,82.0,47.0,1.12350232353413,4.89516133103958,4.0,0.588932701396228,252.4532,4.0196,12.0,2.0,0.009999999776482582,6.0,4.0,16,512,2,False,True,False,False,False
chart-first-pass,bust,c2_s0_n2_r0.01_se4_i1,1,1997,True,True,,89.0,51.0,1.09681846853692,2.53000633997258,10.0,0.593720063507407,81.8404,4.1272,2.0,2.0,0.009999999776482582,0.0,4.0,1,512,2,False,True,False,False,False
chart-first-pass,bust,c2_s2_n2_r0.01_se4_i1,1,1997,True,True,,90.0,58.0,1.07267231935811,3.4401102610941,6.0,0.617508565776431,65.9164,3.4592,2.0,2.0,0.009999999776482582,2.0,4.0,1,512,2,False,True,False,False,False
chart-first-pass,bust,c2_s4_n2_r0.01_se4_i1,1,1997,True,True,,92.0,62.0,1.06305877526076,3.24599565446322,2.0,0.60224766945934,64.186,3.3802,2.0,2.0,0.009999999776482582,4.0,4.0,1,512,2,False,True,False,False,False
chart-first-pass,bust,c2_s10_n2_r0.01_se4_i1,1,1997,True,True,,91.0,60.0,1.03431926580991,2.69755584662274,6.0,0.596716191092935,62.5225,3.4571,2.0,2.0,0.009999999776482582,10.0,4.0,1,512,2,False,True,False,False,False
chart-first-pass,bust,c2_s20_n2_r0.01_se4_i1,1,1997,True,True,,94.0,64.0,1.06923711899981,3.11541729346338,4.0,0.594828427249653,64.2952,3.9247,2.0,2.0,0.009999999776482582,20.0,4.0,1,512,2,False,True,False,False,False
chart-first-pass,bust,c2_s6_n0.5_r0.01_se4_i1,1,1997,True,True,,77.0,46.0,1.02920920882009,3.21890617039471,2.0,0.570222264550784,66.4509,4.1629,2.0,0.5,0.009999999776482582,6.0,4.0,1,512,2,False,True,False,False,False
chart-first-pass,bust,c2_s6_n1_r0.01_se4_i1,1,1997,True,True,,84.0,51.0,1.04624818280848,2.75061138666591,10.0,0.578074857723392,62.3114,4.0989,2.0,1.0,0.009999999776482582,6.0,4.0,1,512,2,False,True,False,False,False
chart-first-pass,bust,c2_s6_n4_r0.01_se4_i1,1,1997,True,True,,92.0,50.0,1.02748730601526,2.84203942047918,2.0,0.554266998134353,47.4548,3.3609,2.0,4.0,0.009999999776482582,6.0,4.0,1,512,2,False,True,False,False,False
chart-first-pass,bust,c2_s6_n8_r0.01_se4_i1,1,1997,True,True,,91.0,45.0,1.02745988286527,2.6463115831089,4.0,0.541990539646945,45.1821,3.9896,2.0,8.0,0.009999999776482582,6.0,4.0,1,512,2,False,True,False,False,False
chart-first-pass,bust,c2_s6_n2_r0_se4_i1,1,1997,True,True,,92.0,62.0,1.03519607248756,3.00663372536081,6.0,0.606014940216841,62.6791,4.198,2.0,2.0,0.0,6.0,4.0,1,512,2,False,True,False,False,False
chart-first-pass,bust,c2_s6_n2_r0.1_se4_i1,1,1997,True,True,,92.0,63.0,1.08026616237287,2.88913434950413,4.0,0.611464535302971,62.0592,4.1543,2.0,2.0,0.10000000149011612,6.0,4.0,1,512,2,False,True,False,False,False
chart-first-pass,bust,c2_s6_n2_r0.5_se4_i1,1,1997,True,True,,81.0,46.0,1.09449263958887,2.44181828848362,0.0,0.617434383204084,59.5088,3.5193,2.0,2.0,0.5,6.0,4.0,1,512,2,False,True,False,False,False
chart-first-pass,bust,c2_s6_n2_r1_se4_i1,1,1997,True,True,,73.0,40.0,1.03593813052244,3.04485138414969,0.0,0.624397796616998,57.3351,3.3983,2.0,2.0,1.0,6.0,4.0,1,512,2,False,True,False,False,False
chart-first-pass,bust,c2_s6_n2_r0.01_se0_i1,1,1997,True,True,,92.0,62.0,1.0351960683014,3.00663372536081,6.0,0.606014931496825,62.5038,3.4574,2.0,2.0,0.009999999776482582,6.0,0.0,1,512,2,False,True,False,False,False
chart-first-pass,bust,c2_s6_n2_r0.01_se1_i1,1,1997,True,True,,92.0,62.0,1.0351960683014,3.00663372536081,6.0,0.606014931496825,62.5017,3.4669,2.0,2.0,0.009999999776482582,6.0,1.0,1,512,2,False,True,False,False,False
chart-first-pass,bust,c2_s6_n2_r0.01_se20_i1,1,1997,True,True,,92.0,62.0,1.0351960683014,3.00663372536081,6.0,0.606014931496825,62.451,3.4732,2.0,2.0,0.009999999776482582,6.0,20.0,1,512,2,False,True,False,False,False
chart-first-pass,bust,c2_s6_n2_r0.01_se1000_i1,1,1997,True,True,,92.0,62.0,1.0351960683014,3.00663372536081,6.0,0.606014931496825,62.6117,3.4106,2.0,2.0,0.009999999776482582,6.0,1000.0,1,512,2,False,True,False,False,False
chart-first-pass,bust,c5_s0_n2_r0.01_se4_i1,1,1997,True,True,,78.0,38.0,1.03163614039305,2.70967706808584,12.0,0.596785649565306,84.761,5.2766,5.0,2.0,0.009999999776482582,0.0,4.0,1,512,2,False,True,False,False,False
chart-first-pass,bust,c5_s2_n2_r0.01_se4_i1,1,1997,True,True,,79.0,49.0,1.02815896188028,2.72648050609325,6.0,0.598684019782026,71.4571,3.78,5.0,2.0,0.009999999776482582,2.0,4.0,1,512,2,False,True,False,False,False
chart-first-pass,bust,c5_s4_n2_r0.01_se4_i1,1,1997,True,True,,80.0,51.0,1.031532680926,2.90132648191052,4.0,0.595674764590259,62.7564,3.7099,5.0,2.0,0.009999999776482582,4.0,4.0,1,512,2,False,True,False,False,False
chart-first-pass,bust,c5_s10_n2_r0.01_se4_i1,1,1997,True,True,,78.0,49.0,1.03372577824124,3.23114861065021,6.0,0.582430044328605,65.5919,3.442,5.0,2.0,0.009999999776482582,10.0,4.0,1,512,2,False,True,False,False,False
chart-first-pass,bust,c5_s20_n2_r0.01_se4_i1,1,1997,True,True,,90.0,55.0,1.05491537966158,2.78055598619892,6.0,0.550234894428596,67.535,4.2454,5.0,2.0,0.009999999776482582,20.0,4.0,1,512,2,False,True,False,False,False
chart-first-pass,bust,c5_s6_n0.5_r0.01_se4_i1,1,1997,True,True,,77.0,46.0,1.02920920882009,3.21890617039471,2.0,0.570222264550784,67.1243,3.6162,5.0,0.5,0.009999999776482582,6.0,4.0,1,512,2,False,True,False,False,False
chart-first-pass,bust,c5_s6_n1_r0.01_se4_i1,1,1997,True,True,,84.0,51.0,1.04624818280848,2.75061138666591,10.0,0.578074857723392,61.2295,3.4475,5.0,1.0,0.009999999776482582,6.0,4.0,1,512,2,False,True,False,False,False
chart-first-pass,bust,c5_s6_n4_r0.01_se4_i1,1,1997,True,True,,98.0,67.0,1.04311897504494,2.99835565934251,0.0,0.62960599381695,65.6211,3.527,5.0,4.0,0.009999999776482582,6.0,4.0,1,512,2,False,True,False,False,False
chart-first-pass,bust,c5_s6_n8_r0.01_se4_i1,1,1997,True,True,,84.0,45.0,1.04668070114847,2.79113866838843,8.0,0.584375866886695,53.7265,3.6044,5.0,8.0,0.009999999776482582,6.0,4.0,1,512,2,False,True,False,False,False
chart-first-pass,bust,c5_s6_n2_r0_se4_i1,1,1997,True,True,,87.0,57.0,1.06682495451183,3.02163481296964,4.0,0.60165758004784,62.836,3.5935,5.0,2.0,0.0,6.0,4.0,1,512,2,False,True,False,False,False
chart-first-pass,bust,c5_s6_n2_r0.1_se4_i1,1,1997,True,True,,81.0,51.0,1.09077948909344,2.88725697067626,6.0,0.594992199693338,63.6067,3.5617,5.0,2.0,0.10000000149011612,6.0,4.0,1,512,2,False,True,False,False,False
chart-first-pass,bust,c5_s6_n2_r0.5_se4_i1,1,1997,True,True,,70.0,32.0,1.05541477803957,2.29211540002442,10.0,0.58008301257833,61.1205,3.5518,5.0,2.0,0.5,6.0,4.0,1,512,2,False,True,False,False,False
chart-first-pass,bust,c5_s6_n2_r1_se4_i1,1,1997,True,True,,73.0,39.0,1.03644561946301,2.40789140294298,0.0,0.599331678392719,62.8148,3.7315,5.0,2.0,1.0,6.0,4.0,1,512,2,False,True,False,False,False
chart-first-pass,bust,c5_s6_n2_r0.01_se0_i1,1,1997,True,True,,82.0,53.0,1.03486090026816,2.95653831236442,4.0,0.597131116754495,62.4894,3.5731,5.0,2.0,0.009999999776482582,6.0,0.0,1,512,2,False,True,False,False,False
chart-first-pass,bust,c5_s6_n2_r0.01_se1_i1,1,1997,True,True,,82.0,53.0,1.03486090026816,2.95653831236442,4.0,0.597131116754495,64.4826,3.576,5.0,2.0,0.009999999776482582,6.0,1.0,1,512,2,False,True,False,False,False
chart-first-pass,bust,c5_s6_n2_r0.01_se20_i1,1,1997,True,True,,82.0,53.0,1.03486090026816,2.95653831236442,4.0,0.597131116754495,63.5261,3.6623,5.0,2.0,0.009999999776482582,6.0,20.0,1,512,2,False,True,False,False,False
chart-first-pass,bust,c5_s6_n2_r0.01_se1000_i1,1,1997,True,True,,82.0,53.0,1.03486090026816,2.95653831236442,4.0,0.597131116754495,62.0687,3.6122,5.0,2.0,0.009999999776482582,6.0,1000.0,1,512,2,False,True,False,False,False
chart-first-pass,bust,c8_s0_n2_r0.01_se4_i1,1,1997,True,True,,78.0,38.0,1.03163614039305,2.70967706808584,12.0,0.596785649565306,88.4992,3.5159,8.0,2.0,0.009999999776482582,0.0,4.0,1,512,2,False,True,False,False,False
chart-first-pass,bust,c8_s2_n2_r0.01_se4_i1,1,1997,True,True,,79.0,49.0,1.02815896188028,2.72648050609325,6.0,0.598684019782026,69.9869,3.8441,8.0,2.0,0.009999999776482582,2.0,4.0,1,512,2,False,True,False,False,False
chart-first-pass,bust,c8_s4_n2_r0.01_se4_i1,1,1997,True,True,,80.0,51.0,1.031532680926,2.90132648191052,4.0,0.595674764590259,62.8624,3.5733,8.0,2.0,0.009999999776482582,4.0,4.0,1,512,2,False,True,False,False,False
chart-first-pass,bust,c8_s10_n2_r0.01_se4_i1,1,1997,True,True,,78.0,49.0,1.03372577824124,3.23114861065021,6.0,0.582430044328605,63.3733,3.4464,8.0,2.0,0.009999999776482582,10.0,4.0,1,512,2,False,True,False,False,False
chart-first-pass,bust,c8_s20_n2_r0.01_se4_i1,1,1997,True,True,,90.0,55.0,1.05491537966158,2.78055598619892,6.0,0.550234894428596,66.8952,3.4291,8.0,2.0,0.009999999776482582,20.0,4.0,1,512,2,False,True,False,False,False
chart-first-pass,bust,c8_s6_n0.5_r0.01_se4_i1,1,1997,True,True,,77.0,46.0,1.02920920882009,3.21890617039471,2.0,0.570222264550784,64.2157,4.1425,8.0,0.5,0.009999999776482582,6.0,4.0,1,512,2,False,True,False,False,False
chart-first-pass,bust,c8_s6_n1_r0.01_se4_i1,1,1997,True,True,,84.0,51.0,1.04624818280848,2.75061138666591,10.0,0.578074857723392,61.5436,4.0499,8.0,1.0,0.009999999776482582,6.0,4.0,1,512,2,False,True,False,False,False
chart-first-pass,bust,c8_s6_n4_r0.01_se4_i1,1,1997,True,True,,85.0,56.0,1.04614843197047,2.89851554481304,6.0,0.624103428988637,64.0121,5.4401,8.0,4.0,0.009999999776482582,6.0,4.0,1,512,2,False,True,False,False,False
chart-first-pass,bust,c8_s6_n8_r0.01_se4_i1,1,1997,True,True,,100.0,69.0,1.04275057766259,3.13013788332638,0.0,0.6111134791306,67.9569,3.6165,8.0,8.0,0.009999999776482582,6.0,4.0,1,512,2,False,True,False,False,False
chart-first-pass,bust,c8_s6_n2_r0_se4_i1,1,1997,True,True,,87.0,57.0,1.06682495451183,3.02163481296964,4.0,0.60165758004784,64.378,3.6339,8.0,2.0,0.0,6.0,4.0,1,512,2,False,True,False,False,False
chart-first-pass,bust,c8_s6_n2_r0.1_se4_i1,1,1997,True,True,,81.0,51.0,1.09077948909344,2.88725697067626,6.0,0.594992199693338,68.3036,4.0698,8.0,2.0,0.10000000149011612,6.0,4.0,1,512,2,False,True,False,False,False
chart-first-pass,bust,c8_s6_n2_r0.5_se4_i1,1,1997,True,True,,70.0,32.0,1.05541477803957,2.29211540002442,10.0,0.58008301257833,62.3495,4.1488,8.0,2.0,0.5,6.0,4.0,1,512,2,False,True,False,False,False
chart-first-pass,bust,c8_s6_n2_r1_se4_i1,1,1997,True,True,,73.0,39.0,1.03644561946301,2.40789140294298,0.0,0.599331678392719,62.7343,4.2059,8.0,2.0,1.0,6.0,4.0,1,512,2,False,True,False,False,False
chart-first-pass,bust,c8_s6_n2_r0.01_se0_i1,1,1997,True,True,,82.0,53.0,1.03486090026816,2.95653831236442,4.0,0.597131116754495,64.9028,3.583,8.0,2.0,0.009999999776482582,6.0,0.0,1,512,2,False,True,False,False,False
chart-first-pass,bust,c8_s6_n2_r0.01_se1_i1,1,1997,True,True,,82.0,53.0,1.03486090026816,2.95653831236442,4.0,0.597131116754495,62.953,3.6252,8.0,2.0,0.009999999776482582,6.0,1.0,1,512,2,False,True,False,False,False
chart-first-pass,bust,c8_s6_n2_r0.01_se20_i1,1,1997,True,True,,82.0,53.0,1.03486090026816,2.95653831236442,4.0,0.597131116754495,64.0314,3.6649,8.0,2.0,0.009999999776482582,6.0,20.0,1,512,2,False,True,False,False,False
chart-first-pass,bust,c8_s6_n2_r0.01_se1000_i1,1,1997,True,True,,82.0,53.0,1.03486090026816,2.95653831236442,4.0,0.597131116754495,64.5434,3.672,8.0,2.0,0.009999999776482582,6.0,1000.0,1,512,2,False,True,False,False,False
chart-first-pass,bust,user-chart-settings,1,1997,True,True,,78.0,43.0,1.04027927711766,2.81835869144647,8.0,0.561071977357523,251.0465,4.0841,10.0,7.099999904632568,0.7300000190734863,20.0,251.0,16,512,2,False,True,False,False,False
chart-first-pass,wave,upstream-default,1,800,True,True,,1.0,0.0,1.09928954312326,1.20964981967972,0.0,0.880711955305057,22.5228,1.198,2.0,2.0,0.009999999776482582,6.0,4.0,1,512,2,False,True,False,False,False
chart-first-pass,wave,c1_s6_n2_r0.01_se4_i1,1,800,True,True,,2.0,0.0,1.24709763504457,1.45639823510417,0.0,0.737928640342398,17.0551,1.2376,1.0,2.0,0.009999999776482582,6.0,4.0,1,512,2,False,True,False,False,False
chart-first-pass,wave,c1_s6_n2_r0.01_se4_i2,1,800,True,True,,3.0,0.0,1.09237768868599,1.22059750610409,0.0,0.708543530114871,25.0501,1.2211,1.0,2.0,0.009999999776482582,6.0,4.0,2,512,2,False,True,False,False,False
chart-first-pass,wave,c1_s6_n2_r0.01_se4_i4,1,800,True,True,,1.0,0.0,1.2862583851366,1.42416254655092,0.0,0.751333297590778,38.5601,1.2278,1.0,2.0,0.009999999776482582,6.0,4.0,4,512,2,False,True,False,False,False
chart-first-pass,wave,c1_s6_n2_r0.01_se4_i8,1,800,True,True,,1.0,0.0,1.2862583851366,1.42416254655092,0.0,0.751333297590778,36.7182,1.8248,1.0,2.0,0.009999999776482582,6.0,4.0,8,512,2,False,True,False,False,False
chart-first-pass,wave,c1_s6_n2_r0.01_se4_i16,1,800,True,True,,1.0,0.0,1.2862583851366,1.42416254655092,0.0,0.751333297590778,38.7621,1.1644,1.0,2.0,0.009999999776482582,6.0,4.0,16,512,2,False,True,False,False,False
chart-first-pass,wave,c2_s6_n2_r0.01_se4_i2,1,800,True,True,,1.0,0.0,1.10240675500424,1.214054578673,0.0,0.870118501197138,35.8844,1.195,2.0,2.0,0.009999999776482582,6.0,4.0,2,512,2,False,True,False,False,False
chart-first-pass,wave,c2_s6_n2_r0.01_se4_i4,1,800,True,True,,1.0,0.0,1.10240693232249,1.2140566644353,0.0,0.870118893802261,68.485,1.2491,2.0,2.0,0.009999999776482582,6.0,4.0,4,512,2,False,True,False,False,False
chart-first-pass,wave,c2_s6_n2_r0.01_se4_i8,1,800,True,True,,1.0,0.0,1.10240693232249,1.2140566644353,0.0,0.870118893802261,66.5104,1.9738,2.0,2.0,0.009999999776482582,6.0,4.0,8,512,2,False,True,False,False,False
chart-first-pass,wave,c2_s6_n2_r0.01_se4_i16,1,800,True,True,,1.0,0.0,1.10240693232249,1.2140566644353,0.0,0.870118893802261,67.9651,1.2635,2.0,2.0,0.009999999776482582,6.0,4.0,16,512,2,False,True,False,False,False
chart-first-pass,wave,c3_s6_n2_r0.01_se4_i1,1,800,True,True,,1.0,0.0,1.10240693232249,1.2140566644353,0.0,0.870118893802261,40.1885,1.2217,3.0,2.0,0.009999999776482582,6.0,4.0,1,512,2,False,True,False,False,False
chart-first-pass,wave,c3_s6_n2_r0.01_se4_i2,1,800,True,True,,1.0,0.0,1.10240693232249,1.2140566644353,0.0,0.870118893802261,41.9647,1.2608,3.0,2.0,0.009999999776482582,6.0,4.0,2,512,2,False,True,False,False,False
chart-first-pass,wave,c3_s6_n2_r0.01_se4_i4,1,800,True,True,,1.0,0.0,1.10240693232249,1.2140566644353,0.0,0.870118893802261,40.1788,1.8097,3.0,2.0,0.009999999776482582,6.0,4.0,4,512,2,False,True,False,False,False
chart-first-pass,wave,c3_s6_n2_r0.01_se4_i8,1,800,True,True,,1.0,0.0,1.10240693232249,1.2140566644353,0.0,0.870118893802261,41.4393,1.2481,3.0,2.0,0.009999999776482582,6.0,4.0,8,512,2,False,True,False,False,False
chart-first-pass,wave,c3_s6_n2_r0.01_se4_i16,1,800,True,True,,1.0,0.0,1.10240693232249,1.2140566644353,0.0,0.870118893802261,40.245,1.8473,3.0,2.0,0.009999999776482582,6.0,4.0,16,512,2,False,True,False,False,False
chart-first-pass,wave,c5_s6_n2_r0.01_se4_i1,1,800,True,True,,1.0,0.0,1.10240693232249,1.2140566644353,0.0,0.870118893802261,40.3262,1.2674,5.0,2.0,0.009999999776482582,6.0,4.0,1,512,2,False,True,False,False,False
chart-first-pass,wave,c5_s6_n2_r0.01_se4_i2,1,800,True,True,,1.0,0.0,1.10240693232249,1.2140566644353,0.0,0.870118893802261,41.4355,1.2371,5.0,2.0,0.009999999776482582,6.0,4.0,2,512,2,False,True,False,False,False
chart-first-pass,wave,c5_s6_n2_r0.01_se4_i4,1,800,True,True,,1.0,0.0,1.10240693232249,1.2140566644353,0.0,0.870118893802261,40.5045,1.2449,5.0,2.0,0.009999999776482582,6.0,4.0,4,512,2,False,True,False,False,False
chart-first-pass,wave,c5_s6_n2_r0.01_se4_i8,1,800,True,True,,1.0,0.0,1.10240693232249,1.2140566644353,0.0,0.870118893802261,40.8895,1.2414,5.0,2.0,0.009999999776482582,6.0,4.0,8,512,2,False,True,False,False,False
chart-first-pass,wave,c5_s6_n2_r0.01_se4_i16,1,800,True,True,,1.0,0.0,1.10240693232249,1.2140566644353,0.0,0.870118893802261,40.8026,1.2337,5.0,2.0,0.009999999776482582,6.0,4.0,16,512,2,False,True,False,False,False
chart-first-pass,wave,c8_s6_n2_r0.01_se4_i1,1,800,True,True,,1.0,0.0,1.10240693232249,1.2140566644353,0.0,0.870118893802261,41.1292,1.2579,8.0,2.0,0.009999999776482582,6.0,4.0,1,512,2,False,True,False,False,False
chart-first-pass,wave,c8_s6_n2_r0.01_se4_i2,1,800,True,True,,1.0,0.0,1.10240693232249,1.2140566644353,0.0,0.870118893802261,41.3053,1.2571,8.0,2.0,0.009999999776482582,6.0,4.0,2,512,2,False,True,False,False,False
chart-first-pass,wave,c8_s6_n2_r0.01_se4_i4,1,800,True,True,,1.0,0.0,1.10240693232249,1.2140566644353,0.0,0.870118893802261,40.3758,1.2652,8.0,2.0,0.009999999776482582,6.0,4.0,4,512,2,False,True,False,False,False
chart-first-pass,wave,c8_s6_n2_r0.01_se4_i8,1,800,True,True,,1.0,0.0,1.10240693232249,1.2140566644353,0.0,0.870118893802261,40.1748,1.2438,8.0,2.0,0.009999999776482582,6.0,4.0,8,512,2,False,True,False,False,False
chart-first-pass,wave,c8_s6_n2_r0.01_se4_i16,1,800,True,True,,1.0,0.0,1.10240693232249,1.2140566644353,0.0,0.870118893802261,43.2141,1.2439,8.0,2.0,0.009999999776482582,6.0,4.0,16,512,2,False,True,False,False,False
chart-first-pass,wave,c12_s6_n2_r0.01_se4_i1,1,800,True,True,,1.0,0.0,1.10240693232249,1.2140566644353,0.0,0.870118893802261,41.8229,1.2498,12.0,2.0,0.009999999776482582,6.0,4.0,1,512,2,False,True,False,False,False
chart-first-pass,wave,c12_s6_n2_r0.01_se4_i2,1,800,True,True,,1.0,0.0,1.10240693232249,1.2140566644353,0.0,0.870118893802261,40.9408,1.2209,12.0,2.0,0.009999999776482582,6.0,4.0,2,512,2,False,True,False,False,False
chart-first-pass,wave,c12_s6_n2_r0.01_se4_i4,1,800,True,True,,1.0,0.0,1.10240693232249,1.2140566644353,0.0,0.870118893802261,41.0462,1.2485,12.0,2.0,0.009999999776482582,6.0,4.0,4,512,2,False,True,False,False,False
chart-first-pass,wave,c12_s6_n2_r0.01_se4_i8,1,800,True,True,,1.0,0.0,1.10240693232249,1.2140566644353,0.0,0.870118893802261,40.525,1.2697,12.0,2.0,0.009999999776482582,6.0,4.0,8,512,2,False,True,False,False,False
chart-first-pass,wave,c12_s6_n2_r0.01_se4_i16,1,800,True,True,,1.0,0.0,1.10240693232249,1.2140566644353,0.0,0.870118893802261,41.3176,1.2589,12.0,2.0,0.009999999776482582,6.0,4.0,16,512,2,False,True,False,False,False
chart-first-pass,wave,c2_s0_n2_r0.01_se4_i1,1,800,True,True,,1.0,0.0,1.26401851599923,1.39803537545603,0.0,0.762589499691744,26.6668,1.1604,2.0,2.0,0.009999999776482582,0.0,4.0,1,512,2,False,True,False,False,False
chart-first-pass,wave,c2_s2_n2_r0.01_se4_i1,1,800,True,True,,1.0,0.0,1.09928954149162,1.20964981967972,0.0,0.88071195498716,22.2157,1.1899,2.0,2.0,0.009999999776482582,2.0,4.0,1,512,2,False,True,False,False,False
chart-first-pass,wave,c2_s4_n2_r0.01_se4_i1,1,800,True,True,,1.0,0.0,1.09928954312326,1.20964981967972,0.0,0.880711955305057,21.716,1.2107,2.0,2.0,0.009999999776482582,4.0,4.0,1,512,2,False,True,False,False,False
chart-first-pass,wave,c2_s10_n2_r0.01_se4_i1,1,800,True,True,,1.0,0.0,1.09928954312326,1.20964981967972,0.0,0.880711955305057,22.1428,1.2053,2.0,2.0,0.009999999776482582,10.0,4.0,1,512,2,False,True,False,False,False
chart-first-pass,wave,c2_s20_n2_r0.01_se4_i1,1,800,True,True,,1.0,0.0,1.09928954312326,1.20964981967972,0.0,0.880711955305057,22.9705,1.204,2.0,2.0,0.009999999776482582,20.0,4.0,1,512,2,False,True,False,False,False
chart-first-pass,wave,c2_s6_n0.5_r0.01_se4_i1,1,800,True,True,,1.0,0.0,1.10197521433326,1.20410467348753,0.0,0.873879993700549,36.4994,1.1833,2.0,0.5,0.009999999776482582,6.0,4.0,1,512,2,False,True,False,False,False
chart-first-pass,wave,c2_s6_n1_r0.01_se4_i1,1,800,True,True,,1.0,0.0,1.10197524238648,1.20410525319734,0.0,0.873879999784574,37.6798,1.1753,2.0,1.0,0.009999999776482582,6.0,4.0,1,512,2,False,True,False,False,False
chart-first-pass,wave,c2_s6_n4_r0.01_se4_i1,1,800,True,True,,2.0,0.0,1.24709762448398,1.45639970257659,0.0,0.737928637803432,18.1763,1.2405,2.0,4.0,0.009999999776482582,6.0,4.0,1,512,2,False,True,False,False,False
chart-first-pass,wave,c2_s6_n8_r0.01_se4_i1,1,800,True,True,,1.0,0.0,1.18686066182817,1.30824860945265,0.0,0.807209017573622,15.7363,1.1998,2.0,8.0,0.009999999776482582,6.0,4.0,1,512,2,False,True,False,False,False
chart-first-pass,wave,c2_s6_n2_r0_se4_i1,1,800,True,True,,1.0,0.0,1.07441472114458,1.17103129472612,0.0,0.881754449723998,21.4909,1.2817,2.0,2.0,0.0,6.0,4.0,1,512,2,False,True,False,False,False
chart-first-pass,wave,c2_s6_n2_r0.1_se4_i1,1,800,True,True,,1.0,0.0,1.06211952723409,1.13409675923826,0.0,0.887764342886525,23.2109,1.239,2.0,2.0,0.10000000149011612,6.0,4.0,1,512,2,False,True,False,False,False
chart-first-pass,wave,c2_s6_n2_r0.5_se4_i1,1,800,True,True,,1.0,0.0,1.06263177357563,1.13743918025569,0.0,0.881590123937927,23.7925,1.281,2.0,2.0,0.5,6.0,4.0,1,512,2,False,True,False,False,False
chart-first-pass,wave,c2_s6_n2_r1_se4_i1,1,800,True,True,,1.0,0.0,1.0626321772584,1.13744213483651,0.0,0.881590167589544,24.8702,1.2525,2.0,2.0,1.0,6.0,4.0,1,512,2,False,True,False,False,False
chart-first-pass,wave,c2_s6_n2_r0.01_se0_i1,1,800,True,True,,1.0,0.0,1.09928954312326,1.20964981967972,0.0,0.880711955305057,21.8789,1.2141,2.0,2.0,0.009999999776482582,6.0,0.0,1,512,2,False,True,False,False,False
chart-first-pass,wave,c2_s6_n2_r0.01_se1_i1,1,800,True,True,,1.0,0.0,1.09928954312326,1.20964981967972,0.0,0.880711955305057,22.0359,1.221,2.0,2.0,0.009999999776482582,6.0,1.0,1,512,2,False,True,False,False,False
chart-first-pass,wave,c2_s6_n2_r0.01_se20_i1,1,800,True,True,,1.0,0.0,1.09928954312326,1.20964981967972,0.0,0.880711955305057,23.6203,1.1974,2.0,2.0,0.009999999776482582,6.0,20.0,1,512,2,False,True,False,False,False
chart-first-pass,wave,c2_s6_n2_r0.01_se1000_i1,1,800,True,True,,1.0,0.0,1.09928954312326,1.20964981967972,0.0,0.880711955305057,23.3541,1.1963,2.0,2.0,0.009999999776482582,6.0,1000.0,1,512,2,False,True,False,False,False
chart-first-pass,wave,c5_s0_n2_r0.01_se4_i1,1,800,True,True,,1.0,0.0,1.10240670237981,1.21405432380002,0.0,0.870118444639721,40.241,1.2075,5.0,2.0,0.009999999776482582,0.0,4.0,1,512,2,False,True,False,False,False
chart-first-pass,wave,c5_s2_n2_r0.01_se4_i1,1,800,True,True,,1.0,0.0,1.10240692935348,1.2140566644353,0.0,0.870118894062645,44.4063,1.2543,5.0,2.0,0.009999999776482582,2.0,4.0,1,512,2,False,True,False,False,False
chart-first-pass,wave,c5_s4_n2_r0.01_se4_i1,1,800,True,True,,1.0,0.0,1.10240693512809,1.2140566644353,0.0,0.870118892878071,39.7524,1.2409,5.0,2.0,0.009999999776482582,4.0,4.0,1,512,2,False,True,False,False,False
chart-first-pass,wave,c5_s10_n2_r0.01_se4_i1,1,800,True,True,,1.0,0.0,1.10240691216989,1.21405657013019,0.0,0.870118894679924,41.1584,1.2863,5.0,2.0,0.009999999776482582,10.0,4.0,1,512,2,False,True,False,False,False
chart-first-pass,wave,c5_s20_n2_r0.01_se4_i1,1,800,True,True,,1.0,0.0,1.1024068939996,1.21405593756118,0.0,0.870118841227122,40.9518,1.8655,5.0,2.0,0.009999999776482582,20.0,4.0,1,512,2,False,True,False,False,False
chart-first-pass,wave,c5_s6_n0.5_r0.01_se4_i1,1,800,True,True,,1.0,0.0,1.10197521433326,1.20410467348753,0.0,0.873879993700549,37.1097,1.1665,5.0,0.5,0.009999999776482582,6.0,4.0,1,512,2,False,True,False,False,False
chart-first-pass,wave,c5_s6_n1_r0.01_se4_i1,1,800,True,True,,1.0,0.0,1.10197524238648,1.20410525319734,0.0,0.873879999784574,37.5718,1.1723,5.0,1.0,0.009999999776482582,6.0,4.0,1,512,2,False,True,False,False,False
chart-first-pass,wave,c5_s6_n4_r0.01_se4_i1,1,800,True,True,,1.0,0.0,1.10240692780471,1.2140566644353,0.0,0.870118894029577,40.9154,1.2751,5.0,4.0,0.009999999776482582,6.0,4.0,1,512,2,False,True,False,False,False
chart-first-pass,wave,c5_s6_n8_r0.01_se4_i1,1,800,True,True,,1.0,0.0,1.0849889171418,1.1871408605895,0.0,0.893909721804928,16.626,1.2898,5.0,8.0,0.009999999776482582,6.0,4.0,1,512,2,False,True,False,False,False
chart-first-pass,wave,c5_s6_n2_r0_se4_i1,1,800,True,True,,1.0,0.0,1.10240686289169,1.21405461748929,0.0,0.870118856191448,40.2299,3.0183,5.0,2.0,0.0,6.0,4.0,1,512,2,False,True,False,False,False
chart-first-pass,wave,c5_s6_n2_r0.1_se4_i1,1,800,True,True,,1.0,0.0,1.10197524456541,1.20410525319734,0.0,0.873879999784574,37.9616,1.1655,5.0,2.0,0.10000000149011612,6.0,4.0,1,512,2,False,True,False,False,False
chart-first-pass,wave,c5_s6_n2_r0.5_se4_i1,1,800,True,True,,1.0,0.0,1.10197458511944,1.20410600759412,0.0,0.873880607330725,45.5355,1.238,5.0,2.0,0.5,6.0,4.0,1,512,2,False,True,False,False,False
chart-first-pass,wave,c5_s6_n2_r1_se4_i1,1,800,True,True,,1.0,0.0,1.10197454798818,1.20410778064303,0.0,0.873880623009508,45.388,1.8293,5.0,2.0,1.0,6.0,4.0,1,512,2,False,True,False,False,False
chart-first-pass,wave,c5_s6_n2_r0.01_se0_i1,1,800,True,True,,1.0,0.0,1.10240693232249,1.2140566644353,0.0,0.870118893802261,40.0751,1.3109,5.0,2.0,0.009999999776482582,6.0,0.0,1,512,2,False,True,False,False,False
chart-first-pass,wave,c5_s6_n2_r0.01_se1_i1,1,800,True,True,,1.0,0.0,1.10240693232249,1.2140566644353,0.0,0.870118893802261,43.5469,1.2546,5.0,2.0,0.009999999776482582,6.0,1.0,1,512,2,False,True,False,False,False
chart-first-pass,wave,c5_s6_n2_r0.01_se20_i1,1,800,True,True,,1.0,0.0,1.10240693232249,1.2140566644353,0.0,0.870118893802261,44.301,1.27,5.0,2.0,0.009999999776482582,6.0,20.0,1,512,2,False,True,False,False,False
chart-first-pass,wave,c5_s6_n2_r0.01_se1000_i1,1,800,True,True,,1.0,0.0,1.10240693232249,1.2140566644353,0.0,0.870118893802261,43.4133,1.2438,5.0,2.0,0.009999999776482582,6.0,1000.0,1,512,2,False,True,False,False,False
chart-first-pass,wave,c8_s0_n2_r0.01_se4_i1,1,800,True,True,,1.0,0.0,1.10240670237981,1.21405432380002,0.0,0.870118444639721,40.3026,1.1909,8.0,2.0,0.009999999776482582,0.0,4.0,1,512,2,False,True,False,False,False
chart-first-pass,wave,c8_s2_n2_r0.01_se4_i1,1,800,True,True,,1.0,0.0,1.10240692935348,1.2140566644353,0.0,0.870118894062645,40.8823,1.2505,8.0,2.0,0.009999999776482582,2.0,4.0,1,512,2,False,True,False,False,False
chart-first-pass,wave,c8_s4_n2_r0.01_se4_i1,1,800,True,True,,1.0,0.0,1.10240693512809,1.2140566644353,0.0,0.870118892878071,41.3866,1.3084,8.0,2.0,0.009999999776482582,4.0,4.0,1,512,2,False,True,False,False,False
chart-first-pass,wave,c8_s10_n2_r0.01_se4_i1,1,800,True,True,,1.0,0.0,1.10240691216989,1.21405657013019,0.0,0.870118894679924,41.8427,1.2737,8.0,2.0,0.009999999776482582,10.0,4.0,1,512,2,False,True,False,False,False
chart-first-pass,wave,c8_s20_n2_r0.01_se4_i1,1,800,True,True,,1.0,0.0,1.1024068939996,1.21405593756118,0.0,0.870118841227122,41.4487,2.1565,8.0,2.0,0.009999999776482582,20.0,4.0,1,512,2,False,True,False,False,False
chart-first-pass,wave,c8_s6_n0.5_r0.01_se4_i1,1,800,True,True,,1.0,0.0,1.10197521433326,1.20410467348753,0.0,0.873879993700549,38.34,1.182,8.0,0.5,0.009999999776482582,6.0,4.0,1,512,2,False,True,False,False,False
chart-first-pass,wave,c8_s6_n1_r0.01_se4_i1,1,800,True,True,,1.0,0.0,1.10197524238648,1.20410525319734,0.0,0.873879999784574,36.0577,1.1684,8.0,1.0,0.009999999776482582,6.0,4.0,1,512,2,False,True,False,False,False
chart-first-pass,wave,c8_s6_n4_r0.01_se4_i1,1,800,True,True,,1.0,0.0,1.10240692780471,1.2140566644353,0.0,0.870118894029577,40.8894,1.2356,8.0,4.0,0.009999999776482582,6.0,4.0,1,512,2,False,True,False,False,False
chart-first-pass,wave,c8_s6_n8_r0.01_se4_i1,1,800,True,True,,1.0,0.0,1.09928954045747,1.20964981967972,0.0,0.880711956356841,24.1142,1.1984,8.0,8.0,0.009999999776482582,6.0,4.0,1,512,2,False,True,False,False,False
chart-first-pass,wave,c8_s6_n2_r0_se4_i1,1,800,True,True,,1.0,0.0,1.10240686289169,1.21405461748929,0.0,0.870118856191448,41.3852,1.2411,8.0,2.0,0.0,6.0,4.0,1,512,2,False,True,False,False,False
chart-first-pass,wave,c8_s6_n2_r0.1_se4_i1,1,800,True,True,,1.0,0.0,1.10197524456541,1.20410525319734,0.0,0.873879999784574,38.7538,1.1668,8.0,2.0,0.10000000149011612,6.0,4.0,1,512,2,False,True,False,False,False
chart-first-pass,wave,c8_s6_n2_r0.5_se4_i1,1,800,True,True,,1.0,0.0,1.10197458511944,1.20410600759412,0.0,0.873880607330725,44.7416,1.2159,8.0,2.0,0.5,6.0,4.0,1,512,2,False,True,False,False,False
chart-first-pass,wave,c8_s6_n2_r1_se4_i1,1,800,True,True,,1.0,0.0,1.10197454798818,1.20410778064303,0.0,0.873880623009508,45.4401,1.1899,8.0,2.0,1.0,6.0,4.0,1,512,2,False,True,False,False,False
chart-first-pass,wave,c8_s6_n2_r0.01_se0_i1,1,800,True,True,,1.0,0.0,1.10240693232249,1.2140566644353,0.0,0.870118893802261,40.286,1.2543,8.0,2.0,0.009999999776482582,6.0,0.0,1,512,2,False,True,False,False,False
chart-first-pass,wave,c8_s6_n2_r0.01_se1_i1,1,800,True,True,,1.0,0.0,1.10240693232249,1.2140566644353,0.0,0.870118893802261,40.1897,1.2392,8.0,2.0,0.009999999776482582,6.0,1.0,1,512,2,False,True,False,False,False
chart-first-pass,wave,c8_s6_n2_r0.01_se20_i1,1,800,True,True,,1.0,0.0,1.10240693232249,1.2140566644353,0.0,0.870118893802261,40.2906,1.8298,8.0,2.0,0.009999999776482582,6.0,20.0,1,512,2,False,True,False,False,False
chart-first-pass,wave,c8_s6_n2_r0.01_se1000_i1,1,800,True,True,,1.0,0.0,1.10240693232249,1.2140566644353,0.0,0.870118893802261,41.4398,1.2352,8.0,2.0,0.009999999776482582,6.0,1000.0,1,512,2,False,True,False,False,False
chart-first-pass,wave,user-chart-settings,1,800,True,True,,1.0,0.0,1.10197448003038,1.20410413827199,0.0,0.873880153920279,284.3825,1.3024,10.0,7.099999904632568,0.7300000190734863,20.0,251.0,16,512,2,False,True,False,False,False
chart-first-pass,torus,upstream-default,1,768,True,True,,12.0,2.0,1.27756010317922,1.34973374862593,0.0,0.550084710838916,20.6687,1.0892,2.0,2.0,0.009999999776482582,6.0,4.0,1,512,2,False,True,False,False,False
chart-first-pass,torus,c1_s6_n2_r0.01_se4_i1,1,768,True,True,,11.0,0.0,1.02969785006993,1.1859531323193,0.0,0.544447510189889,20.3636,1.0659,1.0,2.0,0.009999999776482582,6.0,4.0,1,512,2,False,True,False,False,False
chart-first-pass,torus,c1_s6_n2_r0.01_se4_i2,1,768,True,True,,10.0,0.0,1.05486359178839,1.11535176756682,0.0,0.503952766593086,22.9746,1.0087,1.0,2.0,0.009999999776482582,6.0,4.0,2,512,2,False,True,False,False,False
chart-first-pass,torus,c1_s6_n2_r0.01_se4_i4,1,768,True,True,,12.0,2.0,1.22305034017305,1.45492555079549,0.0,0.551520778814781,28.7356,1.0983,1.0,2.0,0.009999999776482582,6.0,4.0,4,512,2,False,True,False,False,False
chart-first-pass,torus,c1_s6_n2_r0.01_se4_i8,1,768,True,True,,12.0,3.0,1.47717190173003,1.58705725038252,0.0,0.572923653411284,38.4698,1.0289,1.0,2.0,0.009999999776482582,6.0,4.0,8,512,2,False,True,False,False,False
chart-first-pass,torus,c1_s6_n2_r0.01_se4_i16,1,768,True,True,,11.0,1.0,1.20050274732811,1.31584054961119,0.0,0.555452259245011,61.1097,1.6907,1.0,2.0,0.009999999776482582,6.0,4.0,16,512,2,False,True,False,False,False
chart-first-pass,torus,c2_s6_n2_r0.01_se4_i2,1,768,True,True,,8.0,0.0,1.03191669534615,1.09466189529341,0.0,0.505771226389068,24.6784,1.0773,2.0,2.0,0.009999999776482582,6.0,4.0,2,512,2,False,True,False,False,False
chart-first-pass,torus,c2_s6_n2_r0.01_se4_i4,1,768,True,True,,12.0,2.0,1.1513826476424,1.36498650952101,0.0,0.577112622519418,31.8912,1.0268,2.0,2.0,0.009999999776482582,6.0,4.0,4,512,2,False,True,False,False,False
chart-first-pass,torus,c2_s6_n2_r0.01_se4_i8,1,768,True,True,,11.0,1.0,1.11442046563805,1.17497539648252,0.0,0.540359321679193,41.8855,1.0273,2.0,2.0,0.009999999776482582,6.0,4.0,8,512,2,False,True,False,False,False
chart-first-pass,torus,c2_s6_n2_r0.01_se4_i16,1,768,True,True,,9.0,0.0,1.22054644127146,1.296742807928,0.0,0.524941803859844,70.6969,1.0742,2.0,2.0,0.009999999776482582,6.0,4.0,16,512,2,False,True,False,False,False
chart-first-pass,torus,c3_s6_n2_r0.01_se4_i1,1,768,True,True,,12.0,2.0,1.27756010317922,1.34973374862593,0.0,0.550084710838916,21.0348,1.077,3.0,2.0,0.009999999776482582,6.0,4.0,1,512,2,False,True,False,False,False
chart-first-pass,torus,c3_s6_n2_r0.01_se4_i2,1,768,True,True,,8.0,0.0,1.03191669534615,1.09466189529341,0.0,0.505771226389068,23.2288,1.0594,3.0,2.0,0.009999999776482582,6.0,4.0,2,512,2,False,True,False,False,False
chart-first-pass,torus,c3_s6_n2_r0.01_se4_i4,1,768,True,True,,12.0,2.0,1.1513826476424,1.36498650952101,0.0,0.577112622519418,30.0444,1.0558,3.0,2.0,0.009999999776482582,6.0,4.0,4,512,2,False,True,False,False,False
chart-first-pass,torus,c3_s6_n2_r0.01_se4_i8,1,768,True,True,,11.0,1.0,1.11442046563805,1.17497539648252,0.0,0.540359321679193,43.1581,1.0486,3.0,2.0,0.009999999776482582,6.0,4.0,8,512,2,False,True,False,False,False
chart-first-pass,torus,c3_s6_n2_r0.01_se4_i16,1,768,True,True,,9.0,0.0,1.22054644127146,1.296742807928,0.0,0.524941803859844,65.4284,1.0811,3.0,2.0,0.009999999776482582,6.0,4.0,16,512,2,False,True,False,False,False
chart-first-pass,torus,c5_s6_n2_r0.01_se4_i1,1,768,True,True,,12.0,2.0,1.27756010317922,1.34973374862593,0.0,0.550084710838916,21.4263,1.0917,5.0,2.0,0.009999999776482582,6.0,4.0,1,512,2,False,True,False,False,False
chart-first-pass,torus,c5_s6_n2_r0.01_se4_i2,1,768,True,True,,8.0,0.0,1.03191669534615,1.09466189529341,0.0,0.505771226389068,22.8805,1.0696,5.0,2.0,0.009999999776482582,6.0,4.0,2,512,2,False,True,False,False,False
chart-first-pass,torus,c5_s6_n2_r0.01_se4_i4,1,768,True,True,,12.0,2.0,1.1513826476424,1.36498650952101,0.0,0.577112622519418,32.7806,1.0472,5.0,2.0,0.009999999776482582,6.0,4.0,4,512,2,False,True,False,False,False
chart-first-pass,torus,c5_s6_n2_r0.01_se4_i8,1,768,True,True,,11.0,1.0,1.11442046563805,1.17497539648252,0.0,0.540359321679193,44.2918,1.0251,5.0,2.0,0.009999999776482582,6.0,4.0,8,512,2,False,True,False,False,False
chart-first-pass,torus,c5_s6_n2_r0.01_se4_i16,1,768,True,True,,9.0,0.0,1.22054644127146,1.296742807928,0.0,0.524941803859844,65.8696,1.0838,5.0,2.0,0.009999999776482582,6.0,4.0,16,512,2,False,True,False,False,False
chart-first-pass,torus,c8_s6_n2_r0.01_se4_i1,1,768,True,True,,12.0,2.0,1.27756010317922,1.34973374862593,0.0,0.550084710838916,20.9584,1.1269,8.0,2.0,0.009999999776482582,6.0,4.0,1,512,2,False,True,False,False,False
chart-first-pass,torus,c8_s6_n2_r0.01_se4_i2,1,768,True,True,,8.0,0.0,1.03191669534615,1.09466189529341,0.0,0.505771226389068,23.4204,1.0428,8.0,2.0,0.009999999776482582,6.0,4.0,2,512,2,False,True,False,False,False
chart-first-pass,torus,c8_s6_n2_r0.01_se4_i4,1,768,True,True,,12.0,2.0,1.1513826476424,1.36498650952101,0.0,0.577112622519418,31.4765,1.0718,8.0,2.0,0.009999999776482582,6.0,4.0,4,512,2,False,True,False,False,False
chart-first-pass,torus,c8_s6_n2_r0.01_se4_i8,1,768,True,True,,11.0,1.0,1.11442046563805,1.17497539648252,0.0,0.540359321679193,41.967,1.7337,8.0,2.0,0.009999999776482582,6.0,4.0,8,512,2,False,True,False,False,False
chart-first-pass,torus,c8_s6_n2_r0.01_se4_i16,1,768,True,True,,9.0,0.0,1.22054644127146,1.296742807928,0.0,0.524941803859844,68.1704,1.6581,8.0,2.0,0.009999999776482582,6.0,4.0,16,512,2,False,True,False,False,False
chart-first-pass,torus,c12_s6_n2_r0.01_se4_i1,1,768,True,True,,12.0,2.0,1.27756010317922,1.34973374862593,0.0,0.550084710838916,20.6838,1.1027,12.0,2.0,0.009999999776482582,6.0,4.0,1,512,2,False,True,False,False,False
chart-first-pass,torus,c12_s6_n2_r0.01_se4_i2,1,768,True,True,,8.0,0.0,1.03191669534615,1.09466189529341,0.0,0.505771226389068,25.5811,1.6725,12.0,2.0,0.009999999776482582,6.0,4.0,2,512,2,False,True,False,False,False
chart-first-pass,torus,c12_s6_n2_r0.01_se4_i4,1,768,True,True,,12.0,2.0,1.1513826476424,1.36498650952101,0.0,0.577112622519418,30.5998,1.0295,12.0,2.0,0.009999999776482582,6.0,4.0,4,512,2,False,True,False,False,False
chart-first-pass,torus,c12_s6_n2_r0.01_se4_i8,1,768,True,True,,11.0,1.0,1.11442046563805,1.17497539648252,0.0,0.540359321679193,45.0503,1.0229,12.0,2.0,0.009999999776482582,6.0,4.0,8,512,2,False,True,False,False,False
chart-first-pass,torus,c12_s6_n2_r0.01_se4_i16,1,768,True,True,,9.0,0.0,1.22054644127146,1.296742807928,0.0,0.524941803859844,67.9217,1.1812,12.0,2.0,0.009999999776482582,6.0,4.0,16,512,2,False,True,False,False,False
chart-first-pass,torus,c2_s0_n2_r0.01_se4_i1,1,768,True,True,,11.0,3.0,1.0306888585506,1.09317399695768,0.0,0.489173424310386,19.7798,1.0438,2.0,2.0,0.009999999776482582,0.0,4.0,1,512,2,False,True,False,False,False
chart-first-pass,torus,c2_s2_n2_r0.01_se4_i1,1,768,True,True,,8.0,2.0,1.03943230505891,1.11822299556521,0.0,0.45490451920109,21.0545,1.0125,2.0,2.0,0.009999999776482582,2.0,4.0,1,512,2,False,True,False,False,False
chart-first-pass,torus,c2_s4_n2_r0.01_se4_i1,1,768,True,True,,12.0,2.0,1.02421322501798,1.07450797080618,0.0,0.534576213420483,20.8438,1.027,2.0,2.0,0.009999999776482582,4.0,4.0,1,512,2,False,True,False,False,False
chart-first-pass,torus,c2_s10_n2_r0.01_se4_i1,1,768,True,True,,12.0,1.0,1.05417939693317,1.15138843751019,0.0,0.505269375252523,22.0683,1.135,2.0,2.0,0.009999999776482582,10.0,4.0,1,512,2,False,True,False,False,False
chart-first-pass,torus,c2_s20_n2_r0.01_se4_i1,1,768,True,True,,12.0,2.0,1.03342416666315,1.08856358202513,0.0,0.540889987935407,21.6601,1.0136,2.0,2.0,0.009999999776482582,20.0,4.0,1,512,2,False,True,False,False,False
chart-first-pass,torus,c2_s6_n0.5_r0.01_se4_i1,1,768,True,True,,10.0,1.0,1.34238184641728,1.4453112248367,0.0,0.540139247642306,20.6595,0.9925,2.0,0.5,0.009999999776482582,6.0,4.0,1,512,2,False,True,False,False,False
chart-first-pass,torus,c2_s6_n1_r0.01_se4_i1,1,768,True,True,,12.0,2.0,1.03342427059413,1.08856358202513,0.0,0.540889975941959,20.8588,1.5861,2.0,1.0,0.009999999776482582,6.0,4.0,1,512,2,False,True,False,False,False
chart-first-pass,torus,c2_s6_n4_r0.01_se4_i1,1,768,True,True,,11.0,0.0,1.02969784431797,1.1859531323193,0.0,0.544447509693985,19.6725,1.0492,2.0,4.0,0.009999999776482582,6.0,4.0,1,512,2,False,True,False,False,False
chart-first-pass,torus,c2_s6_n8_r0.01_se4_i1,1,768,True,True,,24.0,6.0,1.25548721493179,2.46257207746468,0.0,0.533409008209061,23.2451,0.9889,2.0,8.0,0.009999999776482582,6.0,4.0,1,512,2,False,True,False,False,False
chart-first-pass,torus,c2_s6_n2_r0_se4_i1,1,768,True,True,,12.0,2.0,1.27756008744037,1.34973374862593,0.0,0.550084696240525,21.1132,2.9456,2.0,2.0,0.0,6.0,4.0,1,512,2,False,True,False,False,False
chart-first-pass,torus,c2_s6_n2_r0.1_se4_i1,1,768,True,True,,12.0,2.0,1.03964182265724,1.36208627942451,0.0,0.513057518345617,20.924,1.0361,2.0,2.0,0.10000000149011612,6.0,4.0,1,512,2,False,True,False,False,False
chart-first-pass,torus,c2_s6_n2_r0.5_se4_i1,1,768,True,True,,11.0,0.0,1.04332950342403,1.3701718914335,0.0,0.507925449887682,20.1869,1.1308,2.0,2.0,0.5,6.0,4.0,1,512,2,False,True,False,False,False
chart-first-pass,torus,c2_s6_n2_r1_se4_i1,1,768,True,True,,10.0,2.0,1.45256925431204,1.87323874509697,0.0,0.581659426046605,21.5431,0.9893,2.0,2.0,1.0,6.0,4.0,1,512,2,False,True,False,False,False
chart-first-pass,torus,c2_s6_n2_r0.01_se0_i1,1,768,True,True,,12.0,2.0,1.27756010317922,1.34973374862593,0.0,0.550084710838916,21.2748,1.1163,2.0,2.0,0.009999999776482582,6.0,0.0,1,512,2,False,True,False,False,False
chart-first-pass,torus,c2_s6_n2_r0.01_se1_i1,1,768,True,True,,12.0,2.0,1.27756010317922,1.34973374862593,0.0,0.550084710838916,21.4202,1.0849,2.0,2.0,0.009999999776482582,6.0,1.0,1,512,2,False,True,False,False,False
chart-first-pass,torus,c2_s6_n2_r0.01_se20_i1,1,768,True,True,,12.0,2.0,1.27756010317922,1.34973374862593,0.0,0.550084710838916,20.4536,1.0887,2.0,2.0,0.009999999776482582,6.0,20.0,1,512,2,False,True,False,False,False
chart-first-pass,torus,c2_s6_n2_r0.01_se1000_i1,1,768,True,True,,12.0,2.0,1.27756010317922,1.34973374862593,0.0,0.550084710838916,20.8069,1.0744,2.0,2.0,0.009999999776482582,6.0,1000.0,1,512,2,False,True,False,False,False
chart-first-pass,torus,c5_s0_n2_r0.01_se4_i1,1,768,True,True,,7.0,0.0,1.04031535910444,1.11935138596,0.0,0.474392821227697,19.2273,1.0175,5.0,2.0,0.009999999776482582,0.0,4.0,1,512,2,False,True,False,False,False
chart-first-pass,torus,c5_s2_n2_r0.01_se4_i1,1,768,True,True,,7.0,0.0,1.6627977105492,1.82134756816251,0.0,0.591653968161728,20.3311,1.234,5.0,2.0,0.009999999776482582,2.0,4.0,1,512,2,False,True,False,False,False
chart-first-pass,torus,c5_s4_n2_r0.01_se4_i1,1,768,True,True,,12.0,2.0,1.02421322501798,1.07450797080618,0.0,0.534576213420483,20.4451,1.0326,5.0,2.0,0.009999999776482582,4.0,4.0,1,512,2,False,True,False,False,False
chart-first-pass,torus,c5_s10_n2_r0.01_se4_i1,1,768,True,True,,12.0,1.0,1.05417939693317,1.15138843751019,0.0,0.505269375252523,22.0926,1.0263,5.0,2.0,0.009999999776482582,10.0,4.0,1,512,2,False,True,False,False,False
chart-first-pass,torus,c5_s20_n2_r0.01_se4_i1,1,768,True,True,,12.0,2.0,1.03342416666315,1.08856358202513,0.0,0.540889987935407,22.3022,1.1964,5.0,2.0,0.009999999776482582,20.0,4.0,1,512,2,False,True,False,False,False
chart-first-pass,torus,c5_s6_n0.5_r0.01_se4_i1,1,768,True,True,,10.0,1.0,1.34238184641728,1.4453112248367,0.0,0.540139247642306,20.3276,1.0288,5.0,0.5,0.009999999776482582,6.0,4.0,1,512,2,False,True,False,False,False
chart-first-pass,torus,c5_s6_n1_r0.01_se4_i1,1,768,True,True,,12.0,2.0,1.03342427059413,1.08856358202513,0.0,0.540889975941959,21.0864,1.0214,5.0,1.0,0.009999999776482582,6.0,4.0,1,512,2,False,True,False,False,False
chart-first-pass,torus,c5_s6_n4_r0.01_se4_i1,1,768,True,True,,12.0,2.0,1.02421320156023,1.07450797080618,0.0,0.534576221579727,21.6637,1.1357,5.0,4.0,0.009999999776482582,6.0,4.0,1,512,2,False,True,False,False,False
chart-first-pass,torus,c5_s6_n8_r0.01_se4_i1,1,768,True,True,,10.0,0.0,1.24652310920633,1.36304958465248,0.0,0.531699113996542,22.4389,1.1815,5.0,8.0,0.009999999776482582,6.0,4.0,1,512,2,False,True,False,False,False
chart-first-pass,torus,c5_s6_n2_r0_se4_i1,1,768,True,True,,12.0,2.0,1.27756008744037,1.34973374862593,0.0,0.550084696240525,20.6301,1.0781,5.0,2.0,0.0,6.0,4.0,1,512,2,False,True,False,False,False
chart-first-pass,torus,c5_s6_n2_r0.1_se4_i1,1,768,True,True,,12.0,2.0,1.03964182265724,1.36208627942451,0.0,0.513057518345617,21.1516,1.0268,5.0,2.0,0.10000000149011612,6.0,4.0,1,512,2,False,True,False,False,False
chart-first-pass,torus,c5_s6_n2_r0.5_se4_i1,1,768,True,True,,11.0,0.0,1.04306326375533,1.3701718914335,0.0,0.507925460975806,21.5724,1.0617,5.0,2.0,0.5,6.0,4.0,1,512,2,False,True,False,False,False
chart-first-pass,torus,c5_s6_n2_r1_se4_i1,1,768,True,True,,10.0,2.0,1.45927723476719,1.88052570779191,0.0,0.584043256015403,21.2671,1.027,5.0,2.0,1.0,6.0,4.0,1,512,2,False,True,False,False,False
chart-first-pass,torus,c5_s6_n2_r0.01_se0_i1,1,768,True,True,,12.0,2.0,1.27756010317922,1.34973374862593,0.0,0.550084710838916,20.8817,1.1028,5.0,2.0,0.009999999776482582,6.0,0.0,1,512,2,False,True,False,False,False
chart-first-pass,torus,c5_s6_n2_r0.01_se1_i1,1,768,True,True,,12.0,2.0,1.27756010317922,1.34973374862593,0.0,0.550084710838916,21.8978,1.1194,5.0,2.0,0.009999999776482582,6.0,1.0,1,512,2,False,True,False,False,False
chart-first-pass,torus,c5_s6_n2_r0.01_se20_i1,1,768,True,True,,12.0,2.0,1.27756010317922,1.34973374862593,0.0,0.550084710838916,20.8243,1.0761,5.0,2.0,0.009999999776482582,6.0,20.0,1,512,2,False,True,False,False,False
chart-first-pass,torus,c5_s6_n2_r0.01_se1000_i1,1,768,True,True,,12.0,2.0,1.27756010317922,1.34973374862593,0.0,0.550084710838916,20.6082,1.1073,5.0,2.0,0.009999999776482582,6.0,1000.0,1,512,2,False,True,False,False,False
chart-first-pass,torus,c8_s0_n2_r0.01_se4_i1,1,768,True,True,,7.0,0.0,1.04031535910444,1.11935138596,0.0,0.474392821227697,19.037,1.0475,8.0,2.0,0.009999999776482582,0.0,4.0,1,512,2,False,True,False,False,False
chart-first-pass,torus,c8_s2_n2_r0.01_se4_i1,1,768,True,True,,7.0,0.0,1.6627977105492,1.82134756816251,0.0,0.591653968161728,19.4979,1.7708,8.0,2.0,0.009999999776482582,2.0,4.0,1,512,2,False,True,False,False,False
chart-first-pass,torus,c8_s4_n2_r0.01_se4_i1,1,768,True,True,,12.0,2.0,1.02421322501798,1.07450797080618,0.0,0.534576213420483,21.2977,1.0506,8.0,2.0,0.009999999776482582,4.0,4.0,1,512,2,False,True,False,False,False
chart-first-pass,torus,c8_s10_n2_r0.01_se4_i1,1,768,True,True,,12.0,1.0,1.05417939693317,1.15138843751019,0.0,0.505269375252523,22.1136,1.0603,8.0,2.0,0.009999999776482582,10.0,4.0,1,512,2,False,True,False,False,False
chart-first-pass,torus,c8_s20_n2_r0.01_se4_i1,1,768,True,True,,12.0,2.0,1.03342416666315,1.08856358202513,0.0,0.540889987935407,21.9539,1.0074,8.0,2.0,0.009999999776482582,20.0,4.0,1,512,2,False,True,False,False,False
chart-first-pass,torus,c8_s6_n0.5_r0.01_se4_i1,1,768,True,True,,10.0,1.0,1.34238184641728,1.4453112248367,0.0,0.540139247642306,22.0128,1.0522,8.0,0.5,0.009999999776482582,6.0,4.0,1,512,2,False,True,False,False,False
chart-first-pass,torus,c8_s6_n1_r0.01_se4_i1,1,768,True,True,,12.0,2.0,1.03342427059413,1.08856358202513,0.0,0.540889975941959,20.6115,1.0213,8.0,1.0,0.009999999776482582,6.0,4.0,1,512,2,False,True,False,False,False
chart-first-pass,torus,c8_s6_n4_r0.01_se4_i1,1,768,True,True,,12.0,2.0,1.02421320156023,1.07450797080618,0.0,0.534576221579727,21.3985,1.0325,8.0,4.0,0.009999999776482582,6.0,4.0,1,512,2,False,True,False,False,False
chart-first-pass,torus,c8_s6_n8_r0.01_se4_i1,1,768,True,True,,8.0,2.0,1.70722983132703,1.8688096242323,0.0,0.584144912397209,19.9452,0.9655,8.0,8.0,0.009999999776482582,6.0,4.0,1,512,2,False,True,False,False,False
chart-first-pass,torus,c8_s6_n2_r0_se4_i1,1,768,True,True,,12.0,2.0,1.27756008744037,1.34973374862593,0.0,0.550084696240525,20.7587,1.659,8.0,2.0,0.0,6.0,4.0,1,512,2,False,True,False,False,False
chart-first-pass,torus,c8_s6_n2_r0.1_se4_i1,1,768,True,True,,12.0,2.0,1.03964182265724,1.36208627942451,0.0,0.513057518345617,21.4379,1.0129,8.0,2.0,0.10000000149011612,6.0,4.0,1,512,2,False,True,False,False,False
chart-first-pass,torus,c8_s6_n2_r0.5_se4_i1,1,768,True,True,,11.0,0.0,1.04306326375533,1.3701718914335,0.0,0.507925460975806,20.2527,1.0391,8.0,2.0,0.5,6.0,4.0,1,512,2,False,True,False,False,False
chart-first-pass,torus,c8_s6_n2_r1_se4_i1,1,768,True,True,,10.0,2.0,1.45927723476719,1.88052570779191,0.0,0.584043256015403,21.2243,0.9815,8.0,2.0,1.0,6.0,4.0,1,512,2,False,True,False,False,False
chart-first-pass,torus,c8_s6_n2_r0.01_se0_i1,1,768,True,True,,12.0,2.0,1.27756010317922,1.34973374862593,0.0,0.550084710838916,20.797,1.194,8.0,2.0,0.009999999776482582,6.0,0.0,1,512,2,False,True,False,False,False
chart-first-pass,torus,c8_s6_n2_r0.01_se1_i1,1,768,True,True,,12.0,2.0,1.27756010317922,1.34973374862593,0.0,0.550084710838916,21.1536,1.103,8.0,2.0,0.009999999776482582,6.0,1.0,1,512,2,False,True,False,False,False
chart-first-pass,torus,c8_s6_n2_r0.01_se20_i1,1,768,True,True,,12.0,2.0,1.27756010317922,1.34973374862593,0.0,0.550084710838916,20.7133,1.0947,8.0,2.0,0.009999999776482582,6.0,20.0,1,512,2,False,True,False,False,False
chart-first-pass,torus,c8_s6_n2_r0.01_se1000_i1,1,768,True,True,,12.0,2.0,1.27756010317922,1.34973374862593,0.0,0.550084710838916,20.8095,1.1203,8.0,2.0,0.009999999776482582,6.0,1000.0,1,512,2,False,True,False,False,False
chart-first-pass,torus,user-chart-settings,1,768,True,True,,10.0,1.0,1.04764477126943,1.3671024263493,0.0,0.538813755626101,68.2377,1.0474,10.0,7.099999904632568,0.7300000190734863,20.0,251.0,16,512,2,False,True,False,False,False
chart-first-pass,cube,upstream-default,1,12,True,True,,6.0,6.0,1.48818894789368,1.48818923671371,0.0,0.930133724421981,4.6598,0.0496,2.0,2.0,0.009999999776482582,6.0,4.0,1,512,2,False,True,False,False,False
chart-first-pass,cube,c1_s6_n2_r0.01_se4_i1,1,12,True,True,,6.0,6.0,1.48818894789368,1.48818923671371,0.0,0.930133724421981,6.8818,0.055,1.0,2.0,0.009999999776482582,6.0,4.0,1,512,2,False,True,False,False,False
chart-first-pass,cube,c1_s6_n2_r0.01_se4_i2,1,12,True,True,,6.0,6.0,1.48818894789368,1.48818923671371,0.0,0.930133724421981,4.765,0.0517,1.0,2.0,0.009999999776482582,6.0,4.0,2,512,2,False,True,False,False,False
chart-first-pass,cube,c1_s6_n2_r0.01_se4_i4,1,12,True,True,,6.0,6.0,1.48818894789368,1.48818923671371,0.0,0.930133724421981,4.6099,0.0463,1.0,2.0,0.009999999776482582,6.0,4.0,4,512,2,False,True,False,False,False
chart-first-pass,cube,c1_s6_n2_r0.01_se4_i8,1,12,True,True,,6.0,6.0,1.48818894789368,1.48818923671371,0.0,0.930133724421981,5.6958,0.0538,1.0,2.0,0.009999999776482582,6.0,4.0,8,512,2,False,True,False,False,False
chart-first-pass,cube,c1_s6_n2_r0.01_se4_i16,1,12,True,True,,6.0,6.0,1.48818894789368,1.48818923671371,0.0,0.930133724421981,5.0357,0.0509,1.0,2.0,0.009999999776482582,6.0,4.0,16,512,2,False,True,False,False,False
chart-first-pass,cube,c2_s6_n2_r0.01_se4_i2,1,12,True,True,,6.0,6.0,1.48818894789368,1.48818923671371,0.0,0.930133724421981,4.6564,0.0432,2.0,2.0,0.009999999776482582,6.0,4.0,2,512,2,False,True,False,False,False
chart-first-pass,cube,c2_s6_n2_r0.01_se4_i4,1,12,True,True,,6.0,6.0,1.48818894789368,1.48818923671371,0.0,0.930133724421981,5.2712,0.0526,2.0,2.0,0.009999999776482582,6.0,4.0,4,512,2,False,True,False,False,False
chart-first-pass,cube,c2_s6_n2_r0.01_se4_i8,1,12,True,True,,6.0,6.0,1.48818894789368,1.48818923671371,0.0,0.930133724421981,4.8355,0.047,2.0,2.0,0.009999999776482582,6.0,4.0,8,512,2,False,True,False,False,False
chart-first-pass,cube,c2_s6_n2_r0.01_se4_i16,1,12,True,True,,6.0,6.0,1.48818894789368,1.48818923671371,0.0,0.930133724421981,4.8023,0.0479,2.0,2.0,0.009999999776482582,6.0,4.0,16,512,2,False,True,False,False,False
chart-first-pass,cube,c3_s6_n2_r0.01_se4_i1,1,12,True,True,,6.0,6.0,1.48818894789368,1.48818923671371,0.0,0.930133724421981,5.3642,0.0528,3.0,2.0,0.009999999776482582,6.0,4.0,1,512,2,False,True,False,False,False
chart-first-pass,cube,c3_s6_n2_r0.01_se4_i2,1,12,True,True,,6.0,6.0,1.48818894789368,1.48818923671371,0.0,0.930133724421981,4.7773,0.0449,3.0,2.0,0.009999999776482582,6.0,4.0,2,512,2,False,True,False,False,False
chart-first-pass,cube,c3_s6_n2_r0.01_se4_i4,1,12,True,True,,6.0,6.0,1.48818894789368,1.48818923671371,0.0,0.930133724421981,4.6552,0.0616,3.0,2.0,0.009999999776482582,6.0,4.0,4,512,2,False,True,False,False,False
chart-first-pass,cube,c3_s6_n2_r0.01_se4_i8,1,12,True,True,,6.0,6.0,1.48818894789368,1.48818923671371,0.0,0.930133724421981,4.9341,0.0501,3.0,2.0,0.009999999776482582,6.0,4.0,8,512,2,False,True,False,False,False
chart-first-pass,cube,c3_s6_n2_r0.01_se4_i16,1,12,True,True,,6.0,6.0,1.48818894789368,1.48818923671371,0.0,0.930133724421981,5.6386,0.05,3.0,2.0,0.009999999776482582,6.0,4.0,16,512,2,False,True,False,False,False
chart-first-pass,cube,c5_s6_n2_r0.01_se4_i1,1,12,True,True,,6.0,6.0,1.48818894789368,1.48818923671371,0.0,0.930133724421981,4.7389,0.0432,5.0,2.0,0.009999999776482582,6.0,4.0,1,512,2,False,True,False,False,False
chart-first-pass,cube,c5_s6_n2_r0.01_se4_i2,1,12,True,True,,6.0,6.0,1.48818894789368,1.48818923671371,0.0,0.930133724421981,4.9536,0.0506,5.0,2.0,0.009999999776482582,6.0,4.0,2,512,2,False,True,False,False,False
chart-first-pass,cube,c5_s6_n2_r0.01_se4_i4,1,12,True,True,,6.0,6.0,1.48818894789368,1.48818923671371,0.0,0.930133724421981,5.2191,0.0485,5.0,2.0,0.009999999776482582,6.0,4.0,4,512,2,False,True,False,False,False
chart-first-pass,cube,c5_s6_n2_r0.01_se4_i8,1,12,True,True,,6.0,6.0,1.48818894789368,1.48818923671371,0.0,0.930133724421981,4.7549,0.0479,5.0,2.0,0.009999999776482582,6.0,4.0,8,512,2,False,True,False,False,False
chart-first-pass,cube,c5_s6_n2_r0.01_se4_i16,1,12,True,True,,6.0,6.0,1.48818894789368,1.48818923671371,0.0,0.930133724421981,4.9726,0.053,5.0,2.0,0.009999999776482582,6.0,4.0,16,512,2,False,True,False,False,False
chart-first-pass,cube,c8_s6_n2_r0.01_se4_i1,1,12,True,True,,6.0,6.0,1.48818894789368,1.48818923671371,0.0,0.930133724421981,5.0766,0.0457,8.0,2.0,0.009999999776482582,6.0,4.0,1,512,2,False,True,False,False,False
chart-first-pass,cube,c8_s6_n2_r0.01_se4_i2,1,12,True,True,,6.0,6.0,1.48818894789368,1.48818923671371,0.0,0.930133724421981,4.6462,0.0412,8.0,2.0,0.009999999776482582,6.0,4.0,2,512,2,False,True,False,False,False
chart-first-pass,cube,c8_s6_n2_r0.01_se4_i4,1,12,True,True,,6.0,6.0,1.48818894789368,1.48818923671371,0.0,0.930133724421981,5.3489,0.0502,8.0,2.0,0.009999999776482582,6.0,4.0,4,512,2,False,True,False,False,False
chart-first-pass,cube,c8_s6_n2_r0.01_se4_i8,1,12,True,True,,6.0,6.0,1.48818894789368,1.48818923671371,0.0,0.930133724421981,5.1928,0.0534,8.0,2.0,0.009999999776482582,6.0,4.0,8,512,2,False,True,False,False,False
chart-first-pass,cube,c8_s6_n2_r0.01_se4_i16,1,12,True,True,,6.0,6.0,1.48818894789368,1.48818923671371,0.0,0.930133724421981,4.6763,0.0509,8.0,2.0,0.009999999776482582,6.0,4.0,16,512,2,False,True,False,False,False
chart-first-pass,cube,c12_s6_n2_r0.01_se4_i1,1,12,True,True,,6.0,6.0,1.48818894789368,1.48818923671371,0.0,0.930133724421981,4.907,0.0601,12.0,2.0,0.009999999776482582,6.0,4.0,1,512,2,False,True,False,False,False
chart-first-pass,cube,c12_s6_n2_r0.01_se4_i2,1,12,True,True,,6.0,6.0,1.48818894789368,1.48818923671371,0.0,0.930133724421981,5.0315,0.0564,12.0,2.0,0.009999999776482582,6.0,4.0,2,512,2,False,True,False,False,False
chart-first-pass,cube,c12_s6_n2_r0.01_se4_i4,1,12,True,True,,6.0,6.0,1.48818894789368,1.48818923671371,0.0,0.930133724421981,6.8033,0.0611,12.0,2.0,0.009999999776482582,6.0,4.0,4,512,2,False,True,False,False,False
chart-first-pass,cube,c12_s6_n2_r0.01_se4_i8,1,12,True,True,,6.0,6.0,1.48818894789368,1.48818923671371,0.0,0.930133724421981,4.7878,0.0518,12.0,2.0,0.009999999776482582,6.0,4.0,8,512,2,False,True,False,False,False
chart-first-pass,cube,c12_s6_n2_r0.01_se4_i16,1,12,True,True,,6.0,6.0,1.48818894789368,1.48818923671371,0.0,0.930133724421981,4.6118,0.04,12.0,2.0,0.009999999776482582,6.0,4.0,16,512,2,False,True,False,False,False
chart-first-pass,cube,c2_s0_n2_r0.01_se4_i1,1,12,True,True,,6.0,6.0,1.48818894789368,1.48818923671371,0.0,0.930133724421981,5.9814,0.0564,2.0,2.0,0.009999999776482582,0.0,4.0,1,512,2,False,True,False,False,False
chart-first-pass,cube,c2_s2_n2_r0.01_se4_i1,1,12,True,True,,6.0,6.0,1.48818894789368,1.48818923671371,0.0,0.930133724421981,4.6473,0.0456,2.0,2.0,0.009999999776482582,2.0,4.0,1,512,2,False,True,False,False,False
chart-first-pass,cube,c2_s4_n2_r0.01_se4_i1,1,12,True,True,,6.0,6.0,1.48818894789368,1.48818923671371,0.0,0.930133724421981,4.648,0.0457,2.0,2.0,0.009999999776482582,4.0,4.0,1,512,2,False,True,False,False,False
chart-first-pass,cube,c2_s10_n2_r0.01_se4_i1,1,12,True,True,,6.0,6.0,1.48818894789368,1.48818923671371,0.0,0.930133724421981,5.5655,0.0548,2.0,2.0,0.009999999776482582,10.0,4.0,1,512,2,False,True,False,False,False
chart-first-pass,cube,c2_s20_n2_r0.01_se4_i1,1,12,True,True,,6.0,6.0,1.48818894789368,1.48818923671371,0.0,0.930133724421981,4.5978,0.0499,2.0,2.0,0.009999999776482582,20.0,4.0,1,512,2,False,True,False,False,False
chart-first-pass,cube,c2_s6_n0.5_r0.01_se4_i1,1,12,True,True,,6.0,6.0,1.48818894789368,1.48818923671371,0.0,0.930133724421981,4.8866,0.0518,2.0,0.5,0.009999999776482582,6.0,4.0,1,512,2,False,True,False,False,False
chart-first-pass,cube,c2_s6_n1_r0.01_se4_i1,1,12,True,True,,6.0,6.0,1.48818894789368,1.48818923671371,0.0,0.930133724421981,5.7498,0.0567,2.0,1.0,0.009999999776482582,6.0,4.0,1,512,2,False,True,False,False,False
chart-first-pass,cube,c2_s6_n4_r0.01_se4_i1,1,12,True,True,,6.0,6.0,1.48818894789368,1.48818923671371,0.0,0.930133724421981,5.4801,0.0466,2.0,4.0,0.009999999776482582,6.0,4.0,1,512,2,False,True,False,False,False
chart-first-pass,cube,c2_s6_n8_r0.01_se4_i1,1,12,True,True,,6.0,6.0,1.48818894789368,1.48818923671371,0.0,0.930133724421981,5.6422,0.0504,2.0,8.0,0.009999999776482582,6.0,4.0,1,512,2,False,True,False,False,False
chart-first-pass,cube,c2_s6_n2_r0_se4_i1,1,12,True,True,,6.0,6.0,1.48818894789368,1.48818923671371,0.0,0.930133724421981,5.5646,0.0547,2.0,2.0,0.0,6.0,4.0,1,512,2,False,True,False,False,False
chart-first-pass,cube,c2_s6_n2_r0.1_se4_i1,1,12,True,True,,6.0,6.0,1.48818894789368,1.48818923671371,0.0,0.930133724421981,4.6619,0.0428,2.0,2.0,0.10000000149011612,6.0,4.0,1,512,2,False,True,False,False,False
chart-first-pass,cube,c2_s6_n2_r0.5_se4_i1,1,12,True,True,,6.0,6.0,1.48818894789368,1.48818923671371,0.0,0.930133724421981,4.7715,0.0407,2.0,2.0,0.5,6.0,4.0,1,512,2,False,True,False,False,False
chart-first-pass,cube,c2_s6_n2_r1_se4_i1,1,12,True,True,,6.0,6.0,1.48818894789368,1.48818923671371,0.0,0.930133724421981,5.6364,0.0564,2.0,2.0,1.0,6.0,4.0,1,512,2,False,True,False,False,False
chart-first-pass,cube,c2_s6_n2_r0.01_se0_i1,1,12,True,True,,6.0,6.0,1.48818894789368,1.48818923671371,0.0,0.930133724421981,4.8903,0.048,2.0,2.0,0.009999999776482582,6.0,0.0,1,512,2,False,True,False,False,False
chart-first-pass,cube,c2_s6_n2_r0.01_se1_i1,1,12,True,True,,6.0,6.0,1.48818894789368,1.48818923671371,0.0,0.930133724421981,4.6311,0.0474,2.0,2.0,0.009999999776482582,6.0,1.0,1,512,2,False,True,False,False,False
chart-first-pass,cube,c2_s6_n2_r0.01_se20_i1,1,12,True,True,,6.0,6.0,1.48818894789368,1.48818923671371,0.0,0.930133724421981,5.8653,0.0562,2.0,2.0,0.009999999776482582,6.0,20.0,1,512,2,False,True,False,False,False
chart-first-pass,cube,c2_s6_n2_r0.01_se1000_i1,1,12,True,True,,6.0,6.0,1.48818894789368,1.48818923671371,0.0,0.930133724421981,4.9179,0.0504,2.0,2.0,0.009999999776482582,6.0,1000.0,1,512,2,False,True,False,False,False
chart-first-pass,cube,c5_s0_n2_r0.01_se4_i1,1,12,True,True,,6.0,6.0,1.48818894789368,1.48818923671371,0.0,0.930133724421981,4.6477,0.0492,5.0,2.0,0.009999999776482582,0.0,4.0,1,512,2,False,True,False,False,False
chart-first-pass,cube,c5_s2_n2_r0.01_se4_i1,1,12,True,True,,6.0,6.0,1.48818894789368,1.48818923671371,0.0,0.930133724421981,5.3457,0.0551,5.0,2.0,0.009999999776482582,2.0,4.0,1,512,2,False,True,False,False,False
chart-first-pass,cube,c5_s4_n2_r0.01_se4_i1,1,12,True,True,,6.0,6.0,1.48818894789368,1.48818923671371,0.0,0.930133724421981,4.6613,0.0481,5.0,2.0,0.009999999776482582,4.0,4.0,1,512,2,False,True,False,False,False
chart-first-pass,cube,c5_s10_n2_r0.01_se4_i1,1,12,True,True,,6.0,6.0,1.48818894789368,1.48818923671371,0.0,0.930133724421981,4.7834,0.0475,5.0,2.0,0.009999999776482582,10.0,4.0,1,512,2,False,True,False,False,False
chart-first-pass,cube,c5_s20_n2_r0.01_se4_i1,1,12,True,True,,6.0,6.0,1.48818894789368,1.48818923671371,0.0,0.930133724421981,4.9373,0.054,5.0,2.0,0.009999999776482582,20.0,4.0,1,512,2,False,True,False,False,False
chart-first-pass,cube,c5_s6_n0.5_r0.01_se4_i1,1,12,True,True,,6.0,6.0,1.48818894789368,1.48818923671371,0.0,0.930133724421981,5.5792,0.0524,5.0,0.5,0.009999999776482582,6.0,4.0,1,512,2,False,True,False,False,False
chart-first-pass,cube,c5_s6_n1_r0.01_se4_i1,1,12,True,True,,6.0,6.0,1.48818894789368,1.48818923671371,0.0,0.930133724421981,4.812,0.0477,5.0,1.0,0.009999999776482582,6.0,4.0,1,512,2,False,True,False,False,False
chart-first-pass,cube,c5_s6_n4_r0.01_se4_i1,1,12,True,True,,6.0,6.0,1.48818894789368,1.48818923671371,0.0,0.930133724421981,5.0066,0.0516,5.0,4.0,0.009999999776482582,6.0,4.0,1,512,2,False,True,False,False,False
chart-first-pass,cube,c5_s6_n8_r0.01_se4_i1,1,12,True,True,,6.0,6.0,1.48818894789368,1.48818923671371,0.0,0.930133724421981,5.373,0.0543,5.0,8.0,0.009999999776482582,6.0,4.0,1,512,2,False,True,False,False,False
chart-first-pass,cube,c5_s6_n2_r0_se4_i1,1,12,True,True,,6.0,6.0,1.48818894789368,1.48818923671371,0.0,0.930133724421981,4.5496,0.0425,5.0,2.0,0.0,6.0,4.0,1,512,2,False,True,False,False,False
chart-first-pass,cube,c5_s6_n2_r0.1_se4_i1,1,12,True,True,,6.0,6.0,1.48818894789368,1.48818923671371,0.0,0.930133724421981,4.9947,0.0519,5.0,2.0,0.10000000149011612,6.0,4.0,1,512,2,False,True,False,False,False
chart-first-pass,cube,c5_s6_n2_r0.5_se4_i1,1,12,True,True,,6.0,6.0,1.48818894789368,1.48818923671371,0.0,0.930133724421981,5.1874,0.0499,5.0,2.0,0.5,6.0,4.0,1,512,2,False,True,False,False,False
chart-first-pass,cube,c5_s6_n2_r1_se4_i1,1,12,True,True,,6.0,6.0,1.48818894789368,1.48818923671371,0.0,0.930133724421981,4.6487,0.0422,5.0,2.0,1.0,6.0,4.0,1,512,2,False,True,False,False,False
chart-first-pass,cube,c5_s6_n2_r0.01_se0_i1,1,12,True,True,,6.0,6.0,1.48818894789368,1.48818923671371,0.0,0.930133724421981,4.7231,0.0517,5.0,2.0,0.009999999776482582,6.0,0.0,1,512,2,False,True,False,False,False
chart-first-pass,cube,c5_s6_n2_r0.01_se1_i1,1,12,True,True,,6.0,6.0,1.48818894789368,1.48818923671371,0.0,0.930133724421981,4.7654,0.0516,5.0,2.0,0.009999999776482582,6.0,1.0,1,512,2,False,True,False,False,False
chart-first-pass,cube,c5_s6_n2_r0.01_se20_i1,1,12,True,True,,6.0,6.0,1.48818894789368,1.48818923671371,0.0,0.930133724421981,6.0887,0.0468,5.0,2.0,0.009999999776482582,6.0,20.0,1,512,2,False,True,False,False,False
chart-first-pass,cube,c5_s6_n2_r0.01_se1000_i1,1,12,True,True,,6.0,6.0,1.48818894789368,1.48818923671371,0.0,0.930133724421981,5.1862,0.0581,5.0,2.0,0.009999999776482582,6.0,1000.0,1,512,2,False,True,False,False,False
chart-first-pass,cube,c8_s0_n2_r0.01_se4_i1,1,12,True,True,,6.0,6.0,1.48818894789368,1.48818923671371,0.0,0.930133724421981,5.0297,0.0507,8.0,2.0,0.009999999776482582,0.0,4.0,1,512,2,False,True,False,False,False
chart-first-pass,cube,c8_s2_n2_r0.01_se4_i1,1,12,True,True,,6.0,6.0,1.48818894789368,1.48818923671371,0.0,0.930133724421981,7.9045,0.0619,8.0,2.0,0.009999999776482582,2.0,4.0,1,512,2,False,True,False,False,False
chart-first-pass,cube,c8_s4_n2_r0.01_se4_i1,1,12,True,True,,6.0,6.0,1.48818894789368,1.48818923671371,0.0,0.930133724421981,4.8787,0.0466,8.0,2.0,0.009999999776482582,4.0,4.0,1,512,2,False,True,False,False,False
chart-first-pass,cube,c8_s10_n2_r0.01_se4_i1,1,12,True,True,,6.0,6.0,1.48818894789368,1.48818923671371,0.0,0.930133724421981,4.6217,0.0429,8.0,2.0,0.009999999776482582,10.0,4.0,1,512,2,False,True,False,False,False
chart-first-pass,cube,c8_s20_n2_r0.01_se4_i1,1,12,True,True,,6.0,6.0,1.48818894789368,1.48818923671371,0.0,0.930133724421981,5.6824,0.0562,8.0,2.0,0.009999999776482582,20.0,4.0,1,512,2,False,True,False,False,False
chart-first-pass,cube,c8_s6_n0.5_r0.01_se4_i1,1,12,True,True,,6.0,6.0,1.48818894789368,1.48818923671371,0.0,0.930133724421981,4.8455,0.0484,8.0,0.5,0.009999999776482582,6.0,4.0,1,512,2,False,True,False,False,False
chart-first-pass,cube,c8_s6_n1_r0.01_se4_i1,1,12,True,True,,6.0,6.0,1.48818894789368,1.48818923671371,0.0,0.930133724421981,5.5113,0.0475,8.0,1.0,0.009999999776482582,6.0,4.0,1,512,2,False,True,False,False,False
chart-first-pass,cube,c8_s6_n4_r0.01_se4_i1,1,12,True,True,,6.0,6.0,1.48818894789368,1.48818923671371,0.0,0.930133724421981,5.3024,0.0528,8.0,4.0,0.009999999776482582,6.0,4.0,1,512,2,False,True,False,False,False
chart-first-pass,cube,c8_s6_n8_r0.01_se4_i1,1,12,True,True,,6.0,6.0,1.48818894789368,1.48818923671371,0.0,0.930133724421981,4.6425,0.0474,8.0,8.0,0.009999999776482582,6.0,4.0,1,512,2,False,True,False,False,False
chart-first-pass,cube,c8_s6_n2_r0_se4_i1,1,12,True,True,,6.0,6.0,1.48818894789368,1.48818923671371,0.0,0.930133724421981,4.916,0.0465,8.0,2.0,0.0,6.0,4.0,1,512,2,False,True,False,False,False
chart-first-pass,cube,c8_s6_n2_r0.1_se4_i1,1,12,True,True,,6.0,6.0,1.48818894789368,1.48818923671371,0.0,0.930133724421981,5.4316,0.0515,8.0,2.0,0.10000000149011612,6.0,4.0,1,512,2,False,True,False,False,False
chart-first-pass,cube,c8_s6_n2_r0.5_se4_i1,1,12,True,True,,6.0,6.0,1.48818894789368,1.48818923671371,0.0,0.930133724421981,4.6684,0.0445,8.0,2.0,0.5,6.0,4.0,1,512,2,False,True,False,False,False
chart-first-pass,cube,c8_s6_n2_r1_se4_i1,1,12,True,True,,6.0,6.0,1.48818894789368,1.48818923671371,0.0,0.930133724421981,4.6685,0.0462,8.0,2.0,1.0,6.0,4.0,1,512,2,False,True,False,False,False
chart-first-pass,cube,c8_s6_n2_r0.01_se0_i1,1,12,True,True,,6.0,6.0,1.48818894789368,1.48818923671371,0.0,0.930133724421981,5.605,0.0534,8.0,2.0,0.009999999776482582,6.0,0.0,1,512,2,False,True,False,False,False
chart-first-pass,cube,c8_s6_n2_r0.01_se1_i1,1,12,True,True,,6.0,6.0,1.48818894789368,1.48818923671371,0.0,0.930133724421981,4.8813,0.0476,8.0,2.0,0.009999999776482582,6.0,1.0,1,512,2,False,True,False,False,False
chart-first-pass,cube,c8_s6_n2_r0.01_se20_i1,1,12,True,True,,6.0,6.0,1.48818894789368,1.48818923671371,0.0,0.930133724421981,4.4875,0.043,8.0,2.0,0.009999999776482582,6.0,20.0,1,512,2,False,True,False,False,False
chart-first-pass,cube,c8_s6_n2_r0.01_se1000_i1,1,12,True,True,,6.0,6.0,1.48818894789368,1.48818923671371,0.0,0.930133724421981,4.7555,0.0516,8.0,2.0,0.009999999776482582,6.0,1000.0,1,512,2,False,True,False,False,False
chart-first-pass,cube,user-chart-settings,1,12,True,True,,6.0,6.0,1.48818894789368,1.48818923671371,0.0,0.930133724421981,5.3773,0.0509,10.0,7.099999904632568,0.7300000190734863,20.0,251.0,16,512,2,False,True,False,False,False
chart-first-pass,cylinder,upstream-default,1,320,True,True,,6.0,0.0,1.09845849033142,1.37229431109871,0.0,0.624682246117037,13.7127,4.3238,2.0,2.0,0.009999999776482582,6.0,4.0,1,512,2,False,True,False,False,False
chart-first-pass,cylinder,c1_s6_n2_r0.01_se4_i1,1,320,True,True,,7.0,0.0,1.10560166233407,1.12941359623654,0.0,0.683500748314784,8.603,0.4436,1.0,2.0,0.009999999776482582,6.0,4.0,1,512,2,False,True,False,False,False
chart-first-pass,cylinder,c1_s6_n2_r0.01_se4_i2,1,320,True,True,,6.0,0.0,1.11817494692027,1.34725408353542,0.0,0.654398321393698,9.0265,0.422,1.0,2.0,0.009999999776482582,6.0,4.0,2,512,2,False,True,False,False,False
chart-first-pass,cylinder,c1_s6_n2_r0.01_se4_i4,1,320,True,True,,6.0,0.0,1.09845841280906,1.37229334303323,0.0,0.624682246117037,9.9985,0.3694,1.0,2.0,0.009999999776482582,6.0,4.0,4,512,2,False,True,False,False,False
chart-first-pass,cylinder,c1_s6_n2_r0.01_se4_i8,1,320,True,True,,6.0,0.0,1.09845841280906,1.37229334303323,0.0,0.624682246117037,10.8276,0.3806,1.0,2.0,0.009999999776482582,6.0,4.0,8,512,2,False,True,False,False,False
chart-first-pass,cylinder,c1_s6_n2_r0.01_se4_i16,1,320,True,True,,6.0,0.0,1.09845841280906,1.37229334303323,0.0,0.624682246117037,10.7499,0.3656,1.0,2.0,0.009999999776482582,6.0,4.0,16,512,2,False,True,False,False,False
chart-first-pass,cylinder,c2_s6_n2_r0.01_se4_i2,1,320,True,True,,6.0,0.0,1.09845847882618,1.37229431109871,0.0,0.624682246117037,8.7653,0.3867,2.0,2.0,0.009999999776482582,6.0,4.0,2,512,2,False,True,False,False,False
chart-first-pass,cylinder,c2_s6_n2_r0.01_se4_i4,1,320,True,True,,6.0,0.0,1.09845847882618,1.37229431109871,0.0,0.624682246117037,9.9977,0.3777,2.0,2.0,0.009999999776482582,6.0,4.0,4,512,2,False,True,False,False,False
chart-first-pass,cylinder,c2_s6_n2_r0.01_se4_i8,1,320,True,True,,6.0,0.0,1.09845847882618,1.37229431109871,0.0,0.624682246117037,10.0727,0.3513,2.0,2.0,0.009999999776482582,6.0,4.0,8,512,2,False,True,False,False,False
chart-first-pass,cylinder,c2_s6_n2_r0.01_se4_i16,1,320,True,True,,6.0,0.0,1.09845847882618,1.37229431109871,0.0,0.624682246117037,10.5874,0.3365,2.0,2.0,0.009999999776482582,6.0,4.0,16,512,2,False,True,False,False,False
chart-first-pass,cylinder,c3_s6_n2_r0.01_se4_i1,1,320,True,True,,5.0,0.0,1.24171825857937,1.25869525031127,0.0,0.777075296243866,9.4685,0.3882,3.0,2.0,0.009999999776482582,6.0,4.0,1,512,2,False,True,False,False,False
chart-first-pass,cylinder,c3_s6_n2_r0.01_se4_i2,1,320,True,True,,5.0,0.0,1.24900145646567,1.26648288261802,0.0,0.779146772038083,10.0227,0.3883,3.0,2.0,0.009999999776482582,6.0,4.0,2,512,2,False,True,False,False,False
chart-first-pass,cylinder,c3_s6_n2_r0.01_se4_i4,1,320,True,True,,5.0,0.0,1.24900145646567,1.26648288261802,0.0,0.779146772038083,9.5858,0.3868,3.0,2.0,0.009999999776482582,6.0,4.0,4,512,2,False,True,False,False,False
chart-first-pass,cylinder,c3_s6_n2_r0.01_se4_i8,1,320,True,True,,5.0,0.0,1.24900145646567,1.26648288261802,0.0,0.779146772038083,10.6607,0.3953,3.0,2.0,0.009999999776482582,6.0,4.0,8,512,2,False,True,False,False,False
chart-first-pass,cylinder,c3_s6_n2_r0.01_se4_i16,1,320,True,True,,5.0,0.0,1.24900145646567,1.26648288261802,0.0,0.779146772038083,12.1003,0.4017,3.0,2.0,0.009999999776482582,6.0,4.0,16,512,2,False,True,False,False,False
chart-first-pass,cylinder,c5_s6_n2_r0.01_se4_i1,1,320,True,True,,5.0,0.0,1.24171825857937,1.25869525031127,0.0,0.777075296243866,8.8488,0.5759,5.0,2.0,0.009999999776482582,6.0,4.0,1,512,2,False,True,False,False,False
chart-first-pass,cylinder,c5_s6_n2_r0.01_se4_i2,1,320,True,True,,5.0,0.0,1.24900145646567,1.26648288261802,0.0,0.779146772038083,11.0554,0.3956,5.0,2.0,0.009999999776482582,6.0,4.0,2,512,2,False,True,False,False,False
chart-first-pass,cylinder,c5_s6_n2_r0.01_se4_i4,1,320,True,True,,5.0,0.0,1.24900145646567,1.26648288261802,0.0,0.779146772038083,9.5009,0.4201,5.0,2.0,0.009999999776482582,6.0,4.0,4,512,2,False,True,False,False,False
chart-first-pass,cylinder,c5_s6_n2_r0.01_se4_i8,1,320,True,True,,5.0,0.0,1.24900145646567,1.26648288261802,0.0,0.779146772038083,10.6523,0.4103,5.0,2.0,0.009999999776482582,6.0,4.0,8,512,2,False,True,False,False,False
chart-first-pass,cylinder,c5_s6_n2_r0.01_se4_i16,1,320,True,True,,5.0,0.0,1.24900145646567,1.26648288261802,0.0,0.779146772038083,11.8251,0.4006,5.0,2.0,0.009999999776482582,6.0,4.0,16,512,2,False,True,False,False,False
chart-first-pass,cylinder,c8_s6_n2_r0.01_se4_i1,1,320,True,True,,5.0,0.0,1.24171825857937,1.25869525031127,0.0,0.777075296243866,9.7897,0.4402,8.0,2.0,0.009999999776482582,6.0,4.0,1,512,2,False,True,False,False,False
chart-first-pass,cylinder,c8_s6_n2_r0.01_se4_i2,1,320,True,True,,5.0,0.0,1.24900145646567,1.26648288261802,0.0,0.779146772038083,10.0519,0.4101,8.0,2.0,0.009999999776482582,6.0,4.0,2,512,2,False,True,False,False,False
chart-first-pass,cylinder,c8_s6_n2_r0.01_se4_i4,1,320,True,True,,5.0,0.0,1.24900145646567,1.26648288261802,0.0,0.779146772038083,10.3413,0.434,8.0,2.0,0.009999999776482582,6.0,4.0,4,512,2,False,True,False,False,False
chart-first-pass,cylinder,c8_s6_n2_r0.01_se4_i8,1,320,True,True,,5.0,0.0,1.24900145646567,1.26648288261802,0.0,0.779146772038083,11.1881,0.4168,8.0,2.0,0.009999999776482582,6.0,4.0,8,512,2,False,True,False,False,False
chart-first-pass,cylinder,c8_s6_n2_r0.01_se4_i16,1,320,True,True,,5.0,0.0,1.24900145646567,1.26648288261802,0.0,0.779146772038083,12.6293,0.4321,8.0,2.0,0.009999999776482582,6.0,4.0,16,512,2,False,True,False,False,False
chart-first-pass,cylinder,c12_s6_n2_r0.01_se4_i1,1,320,True,True,,5.0,0.0,1.24171825857937,1.25869525031127,0.0,0.777075296243866,10.5133,0.4122,12.0,2.0,0.009999999776482582,6.0,4.0,1,512,2,False,True,False,False,False
chart-first-pass,cylinder,c12_s6_n2_r0.01_se4_i2,1,320,True,True,,5.0,0.0,1.24900145646567,1.26648288261802,0.0,0.779146772038083,12.1161,0.4303,12.0,2.0,0.009999999776482582,6.0,4.0,2,512,2,False,True,False,False,False
chart-first-pass,cylinder,c12_s6_n2_r0.01_se4_i4,1,320,True,True,,5.0,0.0,1.24900145646567,1.26648288261802,0.0,0.779146772038083,10.2931,0.4069,12.0,2.0,0.009999999776482582,6.0,4.0,4,512,2,False,True,False,False,False
chart-first-pass,cylinder,c12_s6_n2_r0.01_se4_i8,1,320,True,True,,5.0,0.0,1.24900145646567,1.26648288261802,0.0,0.779146772038083,11.2524,0.4295,12.0,2.0,0.009999999776482582,6.0,4.0,8,512,2,False,True,False,False,False
chart-first-pass,cylinder,c12_s6_n2_r0.01_se4_i16,1,320,True,True,,5.0,0.0,1.24900145646567,1.26648288261802,0.0,0.779146772038083,11.0571,0.4191,12.0,2.0,0.009999999776482582,6.0,4.0,16,512,2,False,True,False,False,False
chart-first-pass,cylinder,c2_s0_n2_r0.01_se4_i1,1,320,True,True,,6.0,0.0,1.09845849033142,1.37229431109871,0.0,0.624682246117037,9.7764,0.3497,2.0,2.0,0.009999999776482582,0.0,4.0,1,512,2,False,True,False,False,False
chart-first-pass,cylinder,c2_s2_n2_r0.01_se4_i1,1,320,True,True,,6.0,0.0,1.09845849033142,1.37229431109871,0.0,0.624682246117037,9.0602,1.2352,2.0,2.0,0.009999999776482582,2.0,4.0,1,512,2,False,True,False,False,False
chart-first-pass,cylinder,c2_s4_n2_r0.01_se4_i1,1,320,True,True,,6.0,0.0,1.09845849033142,1.37229431109871,0.0,0.624682246117037,9.0582,0.345,2.0,2.0,0.009999999776482582,4.0,4.0,1,512,2,False,True,False,False,False
chart-first-pass,cylinder,c2_s10_n2_r0.01_se4_i1,1,320,True,True,,6.0,0.0,1.09845849033142,1.37229431109871,0.0,0.624682246117037,9.8737,0.3486,2.0,2.0,0.009999999776482582,10.0,4.0,1,512,2,False,True,False,False,False
chart-first-pass,cylinder,c2_s20_n2_r0.01_se4_i1,1,320,True,True,,6.0,0.0,1.09845849033142,1.37229431109871,0.0,0.624682246117037,10.6408,1.0773,2.0,2.0,0.009999999776482582,20.0,4.0,1,512,2,False,True,False,False,False
chart-first-pass,cylinder,c2_s6_n0.5_r0.01_se4_i1,1,320,True,True,,5.0,0.0,1.24171825857937,1.25869525031127,0.0,0.777075296243866,9.689,0.42,2.0,0.5,0.009999999776482582,6.0,4.0,1,512,2,False,True,False,False,False
chart-first-pass,cylinder,c2_s6_n1_r0.01_se4_i1,1,320,True,True,,5.0,0.0,1.24171825857937,1.25869525031127,0.0,0.777075296243866,10.7378,0.4377,2.0,1.0,0.009999999776482582,6.0,4.0,1,512,2,False,True,False,False,False
chart-first-pass,cylinder,c2_s6_n4_r0.01_se4_i1,1,320,True,True,,7.0,0.0,1.10560166233407,1.12941359623654,0.0,0.683500748314784,9.2953,0.4117,2.0,4.0,0.009999999776482582,6.0,4.0,1,512,2,False,True,False,False,False
chart-first-pass,cylinder,c2_s6_n8_r0.01_se4_i1,1,320,True,True,,6.0,0.0,1.09097582255448,1.22878485620961,0.0,0.654424572198358,9.5585,0.4081,2.0,8.0,0.009999999776482582,6.0,4.0,1,512,2,False,True,False,False,False
chart-first-pass,cylinder,c2_s6_n2_r0_se4_i1,1,320,True,True,,6.0,0.0,1.09845849033142,1.37229431109871,0.0,0.624682246117037,9.8243,0.3582,2.0,2.0,0.0,6.0,4.0,1,512,2,False,True,False,False,False
chart-first-pass,cylinder,c2_s6_n2_r0.1_se4_i1,1,320,True,True,,6.0,0.0,1.09845849033142,1.37229431109871,0.0,0.624682246117037,9.033,0.3502,2.0,2.0,0.10000000149011612,6.0,4.0,1,512,2,False,True,False,False,False
chart-first-pass,cylinder,c2_s6_n2_r0.5_se4_i1,1,320,True,True,,6.0,0.0,1.09845849033142,1.37229431109871,0.0,0.624682246117037,9.4602,0.4455,2.0,2.0,0.5,6.0,4.0,1,512,2,False,True,False,False,False
chart-first-pass,cylinder,c2_s6_n2_r1_se4_i1,1,320,True,True,,6.0,0.0,1.09845849033142,1.37229431109871,0.0,0.624682246117037,10.0732,0.3624,2.0,2.0,1.0,6.0,4.0,1,512,2,False,True,False,False,False
chart-first-pass,cylinder,c2_s6_n2_r0.01_se0_i1,1,320,True,True,,6.0,0.0,1.09845849033142,1.37229431109871,0.0,0.624682246117037,9.956,0.3636,2.0,2.0,0.009999999776482582,6.0,0.0,1,512,2,False,True,False,False,False
chart-first-pass,cylinder,c2_s6_n2_r0.01_se1_i1,1,320,True,True,,6.0,0.0,1.09845849033142,1.37229431109871,0.0,0.624682246117037,10.7051,0.3804,2.0,2.0,0.009999999776482582,6.0,1.0,1,512,2,False,True,False,False,False
chart-first-pass,cylinder,c2_s6_n2_r0.01_se20_i1,1,320,True,True,,6.0,0.0,1.09845849033142,1.37229431109871,0.0,0.624682246117037,10.373,0.3801,2.0,2.0,0.009999999776482582,6.0,20.0,1,512,2,False,True,False,False,False
chart-first-pass,cylinder,c2_s6_n2_r0.01_se1000_i1,1,320,True,True,,6.0,0.0,1.09845849033142,1.37229431109871,0.0,0.624682246117037,10.4882,0.393,2.0,2.0,0.009999999776482582,6.0,1000.0,1,512,2,False,True,False,False,False
chart-first-pass,cylinder,c5_s0_n2_r0.01_se4_i1,1,320,True,True,,5.0,0.0,1.24171825857937,1.25869525031127,0.0,0.777075296243866,9.9125,1.2289,5.0,2.0,0.009999999776482582,0.0,4.0,1,512,2,False,True,False,False,False
chart-first-pass,cylinder,c5_s2_n2_r0.01_se4_i1,1,320,True,True,,5.0,0.0,1.24171825857937,1.25869525031127,0.0,0.777075296243866,9.7081,0.4119,5.0,2.0,0.009999999776482582,2.0,4.0,1,512,2,False,True,False,False,False
chart-first-pass,cylinder,c5_s4_n2_r0.01_se4_i1,1,320,True,True,,5.0,0.0,1.24171825857937,1.25869525031127,0.0,0.777075296243866,11.8329,0.3902,5.0,2.0,0.009999999776482582,4.0,4.0,1,512,2,False,True,False,False,False
chart-first-pass,cylinder,c5_s10_n2_r0.01_se4_i1,1,320,True,True,,5.0,0.0,1.24171825857937,1.25869525031127,0.0,0.777075296243866,9.1932,0.4095,5.0,2.0,0.009999999776482582,10.0,4.0,1,512,2,False,True,False,False,False
chart-first-pass,cylinder,c5_s20_n2_r0.01_se4_i1,1,320,True,True,,5.0,0.0,1.24171825857937,1.25869525031127,0.0,0.777075296243866,9.89,0.3967,5.0,2.0,0.009999999776482582,20.0,4.0,1,512,2,False,True,False,False,False
chart-first-pass,cylinder,c5_s6_n0.5_r0.01_se4_i1,1,320,True,True,,5.0,0.0,1.24171825857937,1.25869525031127,0.0,0.777075296243866,9.9713,0.4061,5.0,0.5,0.009999999776482582,6.0,4.0,1,512,2,False,True,False,False,False
chart-first-pass,cylinder,c5_s6_n1_r0.01_se4_i1,1,320,True,True,,5.0,0.0,1.24171825857937,1.25869525031127,0.0,0.777075296243866,12.9022,0.4793,5.0,1.0,0.009999999776482582,6.0,4.0,1,512,2,False,True,False,False,False
chart-first-pass,cylinder,c5_s6_n4_r0.01_se4_i1,1,320,True,True,,5.0,0.0,1.17770072334856,1.19012532276722,0.0,0.73217123160008,9.4882,0.3717,5.0,4.0,0.009999999776482582,6.0,4.0,1,512,2,False,True,False,False,False
chart-first-pass,cylinder,c5_s6_n8_r0.01_se4_i1,1,320,True,True,,6.0,0.0,1.09845847716683,1.37229279964274,0.0,0.624682246117037,8.6593,0.3685,5.0,8.0,0.009999999776482582,6.0,4.0,1,512,2,False,True,False,False,False
chart-first-pass,cylinder,c5_s6_n2_r0_se4_i1,1,320,True,True,,5.0,0.0,1.24900147622867,1.26648315128498,0.0,0.779146780950271,9.3884,0.4049,5.0,2.0,0.0,6.0,4.0,1,512,2,False,True,False,False,False
chart-first-pass,cylinder,c5_s6_n2_r0.1_se4_i1,1,320,True,True,,5.0,0.0,1.24171825857937,1.25869525031127,0.0,0.777075296243866,10.5897,0.4228,5.0,2.0,0.10000000149011612,6.0,4.0,1,512,2,False,True,False,False,False
chart-first-pass,cylinder,c5_s6_n2_r0.5_se4_i1,1,320,True,True,,5.0,0.0,1.24171825857937,1.25869525031127,0.0,0.777075296243866,9.1244,0.3974,5.0,2.0,0.5,6.0,4.0,1,512,2,False,True,False,False,False
chart-first-pass,cylinder,c5_s6_n2_r1_se4_i1,1,320,True,True,,5.0,0.0,1.24171825857937,1.25869525031127,0.0,0.777075296243866,9.7666,0.3849,5.0,2.0,1.0,6.0,4.0,1,512,2,False,True,False,False,False
chart-first-pass,cylinder,c5_s6_n2_r0.01_se0_i1,1,320,True,True,,5.0,0.0,1.24171825857937,1.25869525031127,0.0,0.777075296243866,11.9195,0.4012,5.0,2.0,0.009999999776482582,6.0,0.0,1,512,2,False,True,False,False,False
chart-first-pass,cylinder,c5_s6_n2_r0.01_se1_i1,1,320,True,True,,5.0,0.0,1.24171825857937,1.25869525031127,0.0,0.777075296243866,9.82,0.4181,5.0,2.0,0.009999999776482582,6.0,1.0,1,512,2,False,True,False,False,False
chart-first-pass,cylinder,c5_s6_n2_r0.01_se20_i1,1,320,True,True,,5.0,0.0,1.24171825857937,1.25869525031127,0.0,0.777075296243866,9.8027,0.6781,5.0,2.0,0.009999999776482582,6.0,20.0,1,512,2,False,True,False,False,False
chart-first-pass,cylinder,c5_s6_n2_r0.01_se1000_i1,1,320,True,True,,5.0,0.0,1.24171825857937,1.25869525031127,0.0,0.777075296243866,10.5178,0.4261,5.0,2.0,0.009999999776482582,6.0,1000.0,1,512,2,False,True,False,False,False
chart-first-pass,cylinder,c8_s0_n2_r0.01_se4_i1,1,320,True,True,,5.0,0.0,1.24171825857937,1.25869525031127,0.0,0.777075296243866,9.9671,0.3919,8.0,2.0,0.009999999776482582,0.0,4.0,1,512,2,False,True,False,False,False
chart-first-pass,cylinder,c8_s2_n2_r0.01_se4_i1,1,320,True,True,,5.0,0.0,1.24171825857937,1.25869525031127,0.0,0.777075296243866,10.5466,0.4133,8.0,2.0,0.009999999776482582,2.0,4.0,1,512,2,False,True,False,False,False
chart-first-pass,cylinder,c8_s4_n2_r0.01_se4_i1,1,320,True,True,,5.0,0.0,1.24171825857937,1.25869525031127,0.0,0.777075296243866,8.953,0.3926,8.0,2.0,0.009999999776482582,4.0,4.0,1,512,2,False,True,False,False,False
chart-first-pass,cylinder,c8_s10_n2_r0.01_se4_i1,1,320,True,True,,5.0,0.0,1.24171825857937,1.25869525031127,0.0,0.777075296243866,9.401,0.4,8.0,2.0,0.009999999776482582,10.0,4.0,1,512,2,False,True,False,False,False
chart-first-pass,cylinder,c8_s20_n2_r0.01_se4_i1,1,320,True,True,,5.0,0.0,1.24171825857937,1.25869525031127,0.0,0.777075296243866,10.0301,0.4004,8.0,2.0,0.009999999776482582,20.0,4.0,1,512,2,False,True,False,False,False
chart-first-pass,cylinder,c8_s6_n0.5_r0.01_se4_i1,1,320,True,True,,5.0,0.0,1.24171825857937,1.25869525031127,0.0,0.777075296243866,8.9811,0.4119,8.0,0.5,0.009999999776482582,6.0,4.0,1,512,2,False,True,False,False,False
chart-first-pass,cylinder,c8_s6_n1_r0.01_se4_i1,1,320,True,True,,5.0,0.0,1.24171825857937,1.25869525031127,0.0,0.777075296243866,9.5384,0.4051,8.0,1.0,0.009999999776482582,6.0,4.0,1,512,2,False,True,False,False,False
chart-first-pass,cylinder,c8_s6_n4_r0.01_se4_i1,1,320,True,True,,5.0,0.0,1.24171825857937,1.25869525031127,0.0,0.777075296243866,9.1361,0.4047,8.0,4.0,0.009999999776482582,6.0,4.0,1,512,2,False,True,False,False,False
chart-first-pass,cylinder,c8_s6_n8_r0.01_se4_i1,1,320,True,True,,6.0,0.0,1.09845849033142,1.37229431109871,0.0,0.624682246117037,9.7098,0.3502,8.0,8.0,0.009999999776482582,6.0,4.0,1,512,2,False,True,False,False,False
chart-first-pass,cylinder,c8_s6_n2_r0_se4_i1,1,320,True,True,,5.0,0.0,1.24900147622867,1.26648315128498,0.0,0.779146780950271,10.0609,0.3908,8.0,2.0,0.0,6.0,4.0,1,512,2,False,True,False,False,False
chart-first-pass,cylinder,c8_s6_n2_r0.1_se4_i1,1,320,True,True,,5.0,0.0,1.24171825857937,1.25869525031127,0.0,0.777075296243866,9.2583,0.3988,8.0,2.0,0.10000000149011612,6.0,4.0,1,512,2,False,True,False,False,False
chart-first-pass,cylinder,c8_s6_n2_r0.5_se4_i1,1,320,True,True,,5.0,0.0,1.24171825857937,1.25869525031127,0.0,0.777075296243866,9.8187,0.4182,8.0,2.0,0.5,6.0,4.0,1,512,2,False,True,False,False,False
chart-first-pass,cylinder,c8_s6_n2_r1_se4_i1,1,320,True,True,,5.0,0.0,1.24171825857937,1.25869525031127,0.0,0.777075296243866,9.5265,0.4041,8.0,2.0,1.0,6.0,4.0,1,512,2,False,True,False,False,False
chart-first-pass,cylinder,c8_s6_n2_r0.01_se0_i1,1,320,True,True,,5.0,0.0,1.24171825857937,1.25869525031127,0.0,0.777075296243866,9.5298,0.4133,8.0,2.0,0.009999999776482582,6.0,0.0,1,512,2,False,True,False,False,False
chart-first-pass,cylinder,c8_s6_n2_r0.01_se1_i1,1,320,True,True,,5.0,0.0,1.24171825857937,1.25869525031127,0.0,0.777075296243866,10.0477,0.4283,8.0,2.0,0.009999999776482582,6.0,1.0,1,512,2,False,True,False,False,False
chart-first-pass,cylinder,c8_s6_n2_r0.01_se20_i1,1,320,True,True,,5.0,0.0,1.24171825857937,1.25869525031127,0.0,0.777075296243866,10.737,0.41,8.0,2.0,0.009999999776482582,6.0,20.0,1,512,2,False,True,False,False,False
chart-first-pass,cylinder,c8_s6_n2_r0.01_se1000_i1,1,320,True,True,,5.0,0.0,1.24171825857937,1.25869525031127,0.0,0.777075296243866,9.3298,0.3985,8.0,2.0,0.009999999776482582,6.0,1000.0,1,512,2,False,True,False,False,False
chart-first-pass,cylinder,user-chart-settings,1,320,True,True,,5.0,0.0,1.24900145251482,1.26648288261802,0.0,0.779146776141389,12.8221,0.3872,10.0,7.099999904632568,0.7300000190734863,20.0,251.0,16,512,2,False,True,False,False,False
shortlist-repaired,bust,upstream-default,3,1997,True,True,,94.0,64.0,1.03548042993448,3.01428099470816,0.0,0.562112180220062,287.759,4.2194,2.0,2.0,0.009999999776482582,6.0,4.0,1,512,2,False,True,False,False,False
shortlist-repaired,bust,c5_s6_n2_r0.01_se4_i1,3,1997,True,True,,83.0,54.0,1.03516524092982,3.01336288230431,0.0,0.592752309014309,274.7216,3.5557,5.0,2.0,0.009999999776482582,6.0,4.0,1,512,2,False,True,False,False,False
shortlist-repaired,bust,c5_s6_n2_r0.01_se4_i2,3,1997,True,True,,72.0,45.0,1.03310052451196,3.11775787690791,0.0,0.548871656505594,284.1141,3.4609,5.0,2.0,0.009999999776482582,6.0,4.0,2,512,2,False,True,False,False,False
shortlist-repaired,bust,c5_s6_n2_r0.01_se4_i4,3,1997,True,True,,78.0,49.0,1.04055302796338,3.21394025404846,0.0,0.621678389233386,317.7718,3.5918,5.0,2.0,0.009999999776482582,6.0,4.0,4,512,2,False,True,False,False,False
shortlist-repaired,bust,c5_s6_n2_r0.01_se4_i8,3,1997,True,True,,70.0,45.0,1.03203177119806,3.01335711894256,0.0,0.591858812596926,354.6881,4.1258,5.0,2.0,0.009999999776482582,6.0,4.0,8,512,2,False,True,False,False,False
shortlist-repaired,bust,c3_s6_n2_r0.01_se4_i8,3,1997,True,True,,70.0,45.0,1.03203177119806,3.01335711894256,0.0,0.591858812596926,351.862,3.6528,3.0,2.0,0.009999999776482582,6.0,4.0,8,512,2,False,True,False,False,False
shortlist-repaired,bust,c5_s6_n2_r0.1_se4_i1,3,1997,True,True,,83.0,53.0,1.09125394203639,3.12356257483426,0.0,0.603759908253264,278.7094,4.2026,5.0,2.0,0.10000000149011612,6.0,4.0,1,512,2,False,True,False,False,False
shortlist-repaired,bust,c5_s6_n2_r0.5_se4_i1,3,1997,True,True,,74.0,36.0,1.05540337077592,2.29108466062232,0.0,0.554129116612728,299.0135,3.7952,5.0,2.0,0.5,6.0,4.0,1,512,2,False,True,False,False,False
shortlist-repaired,bust,c2_s6_n2_r0.1_se4_i1,3,1997,True,True,,93.0,64.0,1.08048268097675,3.04921433613996,0.0,0.599436569328141,285.6355,3.5763,2.0,2.0,0.10000000149011612,6.0,4.0,1,512,2,False,True,False,False,False
shortlist-repaired,bust,c5_s0_n2_r0.01_se4_i1,3,1997,True,True,,83.0,43.0,1.03171922116772,3.0133374317426,0.0,0.57894517503072,303.7053,4.0263,5.0,2.0,0.009999999776482582,0.0,4.0,1,512,2,False,True,False,False,False
shortlist-repaired,bust,c5_s2_n2_r0.01_se4_i1,3,1997,True,True,,81.0,51.0,1.02858367275324,2.97834121649402,0.0,0.576963250142444,288.7714,3.5796,5.0,2.0,0.009999999776482582,2.0,4.0,1,512,2,False,True,False,False,False
shortlist-repaired,bust,c5_s4_n2_r0.01_se4_i1,3,1997,True,True,,81.0,52.0,1.03182199004167,3.01341346276446,0.0,0.589718991728997,284.2935,3.5242,5.0,2.0,0.009999999776482582,4.0,4.0,1,512,2,False,True,False,False,False
shortlist-repaired,bust,c5_s10_n2_r0.01_se4_i1,3,1997,True,True,,80.0,51.0,1.03383431088876,3.23458585403191,0.0,0.595247215460841,273.9123,3.7739,5.0,2.0,0.009999999776482582,10.0,4.0,1,512,2,False,True,False,False,False
shortlist-repaired,bust,c5_s6_n1_r0.01_se4_i1,3,1997,True,True,,88.0,55.0,1.04601924219079,3.08596721772045,0.0,0.586803768276792,265.5283,3.4095,5.0,1.0,0.009999999776482582,6.0,4.0,1,512,2,False,True,False,False,False
shortlist-repaired,bust,c5_s6_n4_r0.01_se4_i1,3,1997,True,True,,98.0,67.0,1.04311897504494,2.99835565934251,0.0,0.62960599381695,72.5538,4.1842,5.0,4.0,0.009999999776482582,6.0,4.0,1,512,2,False,True,False,False,False
shortlist-repaired,bust,user-chart-settings,3,1997,True,True,,82.0,47.0,1.04026032347626,2.81874225325185,0.0,0.527886963019047,472.2244,3.5064,10.0,7.099999904632568,0.7300000190734863,20.0,251.0,16,512,2,False,True,False,False,False
shortlist-repaired,wave,upstream-default,3,800,True,True,,1.0,0.0,1.09928954312326,1.20964981967972,0.0,0.880711955305057,23.5914,1.2313,2.0,2.0,0.009999999776482582,6.0,4.0,1,512,2,False,True,False,False,False
shortlist-repaired,wave,c5_s6_n2_r0.01_se4_i1,3,800,True,True,,1.0,0.0,1.10240693232249,1.2140566644353,0.0,0.870118893802261,42.319,1.2253,5.0,2.0,0.009999999776482582,6.0,4.0,1,512,2,False,True,False,False,False
shortlist-repaired,wave,c5_s6_n2_r0.01_se4_i2,3,800,True,True,,1.0,0.0,1.10240693232249,1.2140566644353,0.0,0.870118893802261,42.4763,1.2181,5.0,2.0,0.009999999776482582,6.0,4.0,2,512,2,False,True,False,False,False
shortlist-repaired,wave,c5_s6_n2_r0.01_se4_i4,3,800,True,True,,1.0,0.0,1.10240693232249,1.2140566644353,0.0,0.870118893802261,43.6212,1.2398,5.0,2.0,0.009999999776482582,6.0,4.0,4,512,2,False,True,False,False,False
shortlist-repaired,wave,c5_s6_n2_r0.01_se4_i8,3,800,True,True,,1.0,0.0,1.10240693232249,1.2140566644353,0.0,0.870118893802261,42.4487,1.2209,5.0,2.0,0.009999999776482582,6.0,4.0,8,512,2,False,True,False,False,False
shortlist-repaired,wave,c3_s6_n2_r0.01_se4_i8,3,800,True,True,,1.0,0.0,1.10240693232249,1.2140566644353,0.0,0.870118893802261,43.2551,1.2449,3.0,2.0,0.009999999776482582,6.0,4.0,8,512,2,False,True,False,False,False
shortlist-repaired,wave,c5_s6_n2_r0.1_se4_i1,3,800,True,True,,1.0,0.0,1.10197524456541,1.20410525319734,0.0,0.873879999784574,38.2301,1.1765,5.0,2.0,0.10000000149011612,6.0,4.0,1,512,2,False,True,False,False,False
shortlist-repaired,wave,c5_s6_n2_r0.5_se4_i1,3,800,True,True,,1.0,0.0,1.10197458511944,1.20410600759412,0.0,0.873880607330725,46.062,1.1991,5.0,2.0,0.5,6.0,4.0,1,512,2,False,True,False,False,False
shortlist-repaired,wave,c2_s6_n2_r0.1_se4_i1,3,800,True,True,,1.0,0.0,1.06211952723409,1.13409675923826,0.0,0.887764342886525,25.2787,1.2278,2.0,2.0,0.10000000149011612,6.0,4.0,1,512,2,False,True,False,False,False
shortlist-repaired,wave,c5_s0_n2_r0.01_se4_i1,3,800,True,True,,1.0,0.0,1.10240670237981,1.21405432380002,0.0,0.870118444639721,42.4057,1.1779,5.0,2.0,0.009999999776482582,0.0,4.0,1,512,2,False,True,False,False,False
shortlist-repaired,wave,c5_s2_n2_r0.01_se4_i1,3,800,True,True,,1.0,0.0,1.10240692935348,1.2140566644353,0.0,0.870118894062645,42.5726,1.231,5.0,2.0,0.009999999776482582,2.0,4.0,1,512,2,False,True,False,False,False
shortlist-repaired,wave,c5_s4_n2_r0.01_se4_i1,3,800,True,True,,1.0,0.0,1.10240693512809,1.2140566644353,0.0,0.870118892878071,44.0968,1.2776,5.0,2.0,0.009999999776482582,4.0,4.0,1,512,2,False,True,False,False,False
shortlist-repaired,wave,c5_s10_n2_r0.01_se4_i1,3,800,True,True,,1.0,0.0,1.10240691216989,1.21405657013019,0.0,0.870118894679924,43.1576,1.2263,5.0,2.0,0.009999999776482582,10.0,4.0,1,512,2,False,True,False,False,False
shortlist-repaired,wave,c5_s6_n1_r0.01_se4_i1,3,800,True,True,,1.0,0.0,1.10197524238648,1.20410525319734,0.0,0.873879999784574,38.9945,1.1596,5.0,1.0,0.009999999776482582,6.0,4.0,1,512,2,False,True,False,False,False
shortlist-repaired,wave,c5_s6_n4_r0.01_se4_i1,3,800,True,True,,1.0,0.0,1.10240692780471,1.2140566644353,0.0,0.870118894029577,43.0877,1.2429,5.0,4.0,0.009999999776482582,6.0,4.0,1,512,2,False,True,False,False,False
shortlist-repaired,wave,user-chart-settings,3,800,True,True,,1.0,0.0,1.10197448003038,1.20410413827199,0.0,0.873880153920279,281.6879,1.2275,10.0,7.099999904632568,0.7300000190734863,20.0,251.0,16,512,2,False,True,False,False,False
shortlist-repaired,cylinder,upstream-default,3,320,True,True,,6.0,0.0,1.09845849033142,1.37229431109871,0.0,0.624682246117037,9.0675,0.3305,2.0,2.0,0.009999999776482582,6.0,4.0,1,512,2,False,True,False,False,False
shortlist-repaired,cylinder,c5_s6_n2_r0.01_se4_i1,3,320,True,True,,5.0,0.0,1.24171825857937,1.25869525031127,0.0,0.777075296243866,10.0509,0.3784,5.0,2.0,0.009999999776482582,6.0,4.0,1,512,2,False,True,False,False,False
shortlist-repaired,cylinder,c5_s6_n2_r0.01_se4_i2,3,320,True,True,,5.0,0.0,1.24900145646567,1.26648288261802,0.0,0.779146772038083,10.4843,0.3753,5.0,2.0,0.009999999776482582,6.0,4.0,2,512,2,False,True,False,False,False
shortlist-repaired,cylinder,c5_s6_n2_r0.01_se4_i4,3,320,True,True,,5.0,0.0,1.24900145646567,1.26648288261802,0.0,0.779146772038083,10.6613,0.3725,5.0,2.0,0.009999999776482582,6.0,4.0,4,512,2,False,True,False,False,False
shortlist-repaired,cylinder,c5_s6_n2_r0.01_se4_i8,3,320,True,True,,5.0,0.0,1.24900145646567,1.26648288261802,0.0,0.779146772038083,11.498,0.375,5.0,2.0,0.009999999776482582,6.0,4.0,8,512,2,False,True,False,False,False
shortlist-repaired,cylinder,c3_s6_n2_r0.01_se4_i8,3,320,True,True,,5.0,0.0,1.24900145646567,1.26648288261802,0.0,0.779146772038083,10.2015,0.3807,3.0,2.0,0.009999999776482582,6.0,4.0,8,512,2,False,True,False,False,False
shortlist-repaired,cylinder,c5_s6_n2_r0.1_se4_i1,3,320,True,True,,5.0,0.0,1.24171825857937,1.25869525031127,0.0,0.777075296243866,9.3811,0.3747,5.0,2.0,0.10000000149011612,6.0,4.0,1,512,2,False,True,False,False,False
shortlist-repaired,cylinder,c5_s6_n2_r0.5_se4_i1,3,320,True,True,,5.0,0.0,1.24171825857937,1.25869525031127,0.0,0.777075296243866,10.1318,0.3777,5.0,2.0,0.5,6.0,4.0,1,512,2,False,True,False,False,False
shortlist-repaired,cylinder,c2_s6_n2_r0.1_se4_i1,3,320,True,True,,6.0,0.0,1.09845849033142,1.37229431109871,0.0,0.624682246117037,9.2861,0.4038,2.0,2.0,0.10000000149011612,6.0,4.0,1,512,2,False,True,False,False,False
shortlist-repaired,cylinder,c5_s0_n2_r0.01_se4_i1,3,320,True,True,,5.0,0.0,1.24171825857937,1.25869525031127,0.0,0.777075296243866,9.8515,0.3838,5.0,2.0,0.009999999776482582,0.0,4.0,1,512,2,False,True,False,False,False
shortlist-repaired,cylinder,c5_s2_n2_r0.01_se4_i1,3,320,True,True,,5.0,0.0,1.24171825857937,1.25869525031127,0.0,0.777075296243866,9.7485,0.374,5.0,2.0,0.009999999776482582,2.0,4.0,1,512,2,False,True,False,False,False
shortlist-repaired,cylinder,c5_s4_n2_r0.01_se4_i1,3,320,True,True,,5.0,0.0,1.24171825857937,1.25869525031127,0.0,0.777075296243866,9.8868,0.3723,5.0,2.0,0.009999999776482582,4.0,4.0,1,512,2,False,True,False,False,False
shortlist-repaired,cylinder,c5_s10_n2_r0.01_se4_i1,3,320,True,True,,5.0,0.0,1.24171825857937,1.25869525031127,0.0,0.777075296243866,9.9847,0.3746,5.0,2.0,0.009999999776482582,10.0,4.0,1,512,2,False,True,False,False,False
shortlist-repaired,cylinder,c5_s6_n1_r0.01_se4_i1,3,320,True,True,,5.0,0.0,1.24171825857937,1.25869525031127,0.0,0.777075296243866,9.6357,0.3723,5.0,1.0,0.009999999776482582,6.0,4.0,1,512,2,False,True,False,False,False
shortlist-repaired,cylinder,c5_s6_n4_r0.01_se4_i1,3,320,True,True,,5.0,0.0,1.17770072334856,1.19012532276722,0.0,0.73217123160008,10.2309,0.386,5.0,4.0,0.009999999776482582,6.0,4.0,1,512,2,False,True,False,False,False
shortlist-repaired,cylinder,user-chart-settings,3,320,True,True,,5.0,0.0,1.24900145251482,1.26648288261802,0.0,0.779146776141389,12.2503,0.3811,10.0,7.099999904632568,0.7300000190734863,20.0,251.0,16,512,2,False,True,False,False,False
shortlist-repaired,torus,upstream-default,3,768,True,True,,12.0,2.0,1.27756010317922,1.34973374862593,0.0,0.550084710838916,22.0514,1.0703,2.0,2.0,0.009999999776482582,6.0,4.0,1,512,2,False,True,False,False,False
shortlist-repaired,torus,c5_s6_n2_r0.01_se4_i1,3,768,True,True,,12.0,2.0,1.27756010317922,1.34973374862593,0.0,0.550084710838916,22.8695,1.1046,5.0,2.0,0.009999999776482582,6.0,4.0,1,512,2,False,True,False,False,False
shortlist-repaired,torus,c5_s6_n2_r0.01_se4_i2,3,768,True,True,,8.0,0.0,1.03191669534615,1.09466189529341,0.0,0.505771226389068,24.4964,1.0431,5.0,2.0,0.009999999776482582,6.0,4.0,2,512,2,False,True,False,False,False
shortlist-repaired,torus,c5_s6_n2_r0.01_se4_i4,3,768,True,True,,12.0,2.0,1.1513826476424,1.36498650952101,0.0,0.577112622519418,32.2154,1.0309,5.0,2.0,0.009999999776482582,6.0,4.0,4,512,2,False,True,False,False,False
shortlist-repaired,torus,c5_s6_n2_r0.01_se4_i8,3,768,True,True,,11.0,1.0,1.11442046563805,1.17497539648252,0.0,0.540359321679193,43.6545,1.0257,5.0,2.0,0.009999999776482582,6.0,4.0,8,512,2,False,True,False,False,False
shortlist-repaired,torus,c3_s6_n2_r0.01_se4_i8,3,768,True,True,,11.0,1.0,1.11442046563805,1.17497539648252,0.0,0.540359321679193,46.7773,1.0103,3.0,2.0,0.009999999776482582,6.0,4.0,8,512,2,False,True,False,False,False
shortlist-repaired,torus,c5_s6_n2_r0.1_se4_i1,3,768,True,True,,12.0,2.0,1.03964182265724,1.36208627942451,0.0,0.513057518345617,23.2404,1.0102,5.0,2.0,0.10000000149011612,6.0,4.0,1,512,2,False,True,False,False,False
shortlist-repaired,torus,c5_s6_n2_r0.5_se4_i1,3,768,True,True,,11.0,0.0,1.04306326375533,1.3701718914335,0.0,0.507925460975806,21.5373,1.0078,5.0,2.0,0.5,6.0,4.0,1,512,2,False,True,False,False,False
shortlist-repaired,torus,c2_s6_n2_r0.1_se4_i1,3,768,True,True,,12.0,2.0,1.03964182265724,1.36208627942451,0.0,0.513057518345617,22.0421,1.0064,2.0,2.0,0.10000000149011612,6.0,4.0,1,512,2,False,True,False,False,False
shortlist-repaired,torus,c5_s0_n2_r0.01_se4_i1,3,768,True,True,,7.0,0.0,1.04031535910444,1.11935138596,0.0,0.474392821227697,21.1491,1.0095,5.0,2.0,0.009999999776482582,0.0,4.0,1,512,2,False,True,False,False,False
shortlist-repaired,torus,c5_s2_n2_r0.01_se4_i1,3,768,True,True,,7.0,0.0,1.6627977105492,1.82134756816251,0.0,0.591653968161728,21.6194,1.189,5.0,2.0,0.009999999776482582,2.0,4.0,1,512,2,False,True,False,False,False
shortlist-repaired,torus,c5_s4_n2_r0.01_se4_i1,3,768,True,True,,12.0,2.0,1.02421322501798,1.07450797080618,0.0,0.534576213420483,21.8756,1.0172,5.0,2.0,0.009999999776482582,4.0,4.0,1,512,2,False,True,False,False,False
shortlist-repaired,torus,c5_s10_n2_r0.01_se4_i1,3,768,True,True,,12.0,1.0,1.05417939693317,1.15138843751019,0.0,0.505269375252523,24.4235,1.0862,5.0,2.0,0.009999999776482582,10.0,4.0,1,512,2,False,True,False,False,False
shortlist-repaired,torus,c5_s6_n1_r0.01_se4_i1,3,768,True,True,,12.0,2.0,1.03342427059413,1.08856358202513,0.0,0.540889975941959,21.9029,1.0058,5.0,1.0,0.009999999776482582,6.0,4.0,1,512,2,False,True,False,False,False
shortlist-repaired,torus,c5_s6_n4_r0.01_se4_i1,3,768,True,True,,12.0,2.0,1.02421320156023,1.07450797080618,0.0,0.534576221579727,21.4146,1.5637,5.0,4.0,0.009999999776482582,6.0,4.0,1,512,2,False,True,False,False,False
shortlist-repaired,torus,user-chart-settings,3,768,True,True,,10.0,1.0,1.04764477126943,1.3671024263493,0.0,0.538813755626101,70.4781,1.0323,10.0,7.099999904632568,0.7300000190734863,20.0,251.0,16,512,2,False,True,False,False,False
shortlist-repaired,cube,upstream-default,3,12,True,True,,6.0,6.0,1.48818894789368,1.48818923671371,0.0,0.930133724421981,6.094,0.0584,2.0,2.0,0.009999999776482582,6.0,4.0,1,512,2,False,True,False,False,False
shortlist-repaired,cube,c5_s6_n2_r0.01_se4_i1,3,12,True,True,,6.0,6.0,1.48818894789368,1.48818923671371,0.0,0.930133724421981,5.1038,0.0502,5.0,2.0,0.009999999776482582,6.0,4.0,1,512,2,False,True,False,False,False
shortlist-repaired,cube,c5_s6_n2_r0.01_se4_i2,3,12,True,True,,6.0,6.0,1.48818894789368,1.48818923671371,0.0,0.930133724421981,5.1849,0.0502,5.0,2.0,0.009999999776482582,6.0,4.0,2,512,2,False,True,False,False,False
shortlist-repaired,cube,c5_s6_n2_r0.01_se4_i4,3,12,True,True,,6.0,6.0,1.48818894789368,1.48818923671371,0.0,0.930133724421981,4.7266,0.0501,5.0,2.0,0.009999999776482582,6.0,4.0,4,512,2,False,True,False,False,False
shortlist-repaired,cube,c5_s6_n2_r0.01_se4_i8,3,12,True,True,,6.0,6.0,1.48818894789368,1.48818923671371,0.0,0.930133724421981,4.8364,0.0584,5.0,2.0,0.009999999776482582,6.0,4.0,8,512,2,False,True,False,False,False
shortlist-repaired,cube,c3_s6_n2_r0.01_se4_i8,3,12,True,True,,6.0,6.0,1.48818894789368,1.48818923671371,0.0,0.930133724421981,5.8611,0.0518,3.0,2.0,0.009999999776482582,6.0,4.0,8,512,2,False,True,False,False,False
shortlist-repaired,cube,c5_s6_n2_r0.1_se4_i1,3,12,True,True,,6.0,6.0,1.48818894789368,1.48818923671371,0.0,0.930133724421981,4.9529,0.0462,5.0,2.0,0.10000000149011612,6.0,4.0,1,512,2,False,True,False,False,False
shortlist-repaired,cube,c5_s6_n2_r0.5_se4_i1,3,12,True,True,,6.0,6.0,1.48818894789368,1.48818923671371,0.0,0.930133724421981,4.8702,0.0514,5.0,2.0,0.5,6.0,4.0,1,512,2,False,True,False,False,False
shortlist-repaired,cube,c2_s6_n2_r0.1_se4_i1,3,12,True,True,,6.0,6.0,1.48818894789368,1.48818923671371,0.0,0.930133724421981,5.0484,0.049,2.0,2.0,0.10000000149011612,6.0,4.0,1,512,2,False,True,False,False,False
shortlist-repaired,cube,c5_s0_n2_r0.01_se4_i1,3,12,True,True,,6.0,6.0,1.48818894789368,1.48818923671371,0.0,0.930133724421981,5.0846,0.0513,5.0,2.0,0.009999999776482582,0.0,4.0,1,512,2,False,True,False,False,False
shortlist-repaired,cube,c5_s2_n2_r0.01_se4_i1,3,12,True,True,,6.0,6.0,1.48818894789368,1.48818923671371,0.0,0.930133724421981,5.0965,0.0498,5.0,2.0,0.009999999776482582,2.0,4.0,1,512,2,False,True,False,False,False
shortlist-repaired,cube,c5_s4_n2_r0.01_se4_i1,3,12,True,True,,6.0,6.0,1.48818894789368,1.48818923671371,0.0,0.930133724421981,5.4939,0.0568,5.0,2.0,0.009999999776482582,4.0,4.0,1,512,2,False,True,False,False,False
shortlist-repaired,cube,c5_s10_n2_r0.01_se4_i1,3,12,True,True,,6.0,6.0,1.48818894789368,1.48818923671371,0.0,0.930133724421981,5.4403,0.0554,5.0,2.0,0.009999999776482582,10.0,4.0,1,512,2,False,True,False,False,False
shortlist-repaired,cube,c5_s6_n1_r0.01_se4_i1,3,12,True,True,,6.0,6.0,1.48818894789368,1.48818923671371,0.0,0.930133724421981,5.5721,0.0509,5.0,1.0,0.009999999776482582,6.0,4.0,1,512,2,False,True,False,False,False
shortlist-repaired,cube,c5_s6_n4_r0.01_se4_i1,3,12,True,True,,6.0,6.0,1.48818894789368,1.48818923671371,0.0,0.930133724421981,4.9852,0.0513,5.0,4.0,0.009999999776482582,6.0,4.0,1,512,2,False,True,False,False,False
shortlist-repaired,cube,user-chart-settings,3,12,True,True,,6.0,6.0,1.48818894789368,1.48818923671371,0.0,0.930133724421981,5.0371,0.0507,10.0,7.099999904632568,0.7300000190734863,20.0,251.0,16,512,2,False,True,False,False,False
joint-repaired,bust,upstream-default,3,1997,True,True,,94.0,64.0,1.03548042993448,3.01428099470816,0.0,0.562112180220062,294.6428,3.5224,2.0,2.0,0.009999999776482582,6.0,4.0,1,512,2,False,True,False,False,False
joint-repaired,bust,c2_s6_n2_r0.01_se4_i2,3,1997,True,True,,91.0,61.0,1.05305333108777,2.49947124001154,0.0,0.61361134818182,295.9571,3.8292,2.0,2.0,0.009999999776482582,6.0,4.0,2,512,2,False,True,False,False,False
joint-repaired,bust,c2_s6_n2_r0.01_se4_i4,3,1997,True,True,,85.0,54.0,1.02837237798296,4.92226215489274,0.0,0.592875437688735,313.5805,3.5352,2.0,2.0,0.009999999776482582,6.0,4.0,4,512,2,False,True,False,False,False
joint-repaired,bust,c2_s6_n2_r0.01_se4_i8,3,1997,True,True,,91.0,55.0,1.06389017482054,2.14115142652885,0.0,0.580259011410028,382.2736,4.0712,2.0,2.0,0.009999999776482582,6.0,4.0,8,512,2,False,True,False,False,False
joint-repaired,bust,joint_c2_n2_r0.1_s0_i2,3,1997,True,True,,98.0,66.0,1.08078736346295,3.08603156889356,0.0,0.577178447128074,348.7782,4.0042,2.0,2.0,0.10000000149011612,0.0,4.0,2,512,2,False,True,False,False,False
joint-repaired,bust,joint_c2_n2_r0.1_s0_i4,3,1997,True,True,,82.0,52.0,1.03891148496056,2.97831259901187,0.0,0.599442978631303,346.5445,4.062,2.0,2.0,0.10000000149011612,0.0,4.0,4,512,2,False,True,False,False,False
joint-repaired,bust,joint_c2_n2_r0.1_s6_i2,3,1997,True,True,,95.0,64.0,1.04544106489525,3.42375313917781,0.0,0.570670161780454,300.5887,4.0282,2.0,2.0,0.10000000149011612,6.0,4.0,2,512,2,False,True,False,False,False
joint-repaired,bust,joint_c2_n2_r0.1_s6_i4,3,1997,True,True,,78.0,45.0,1.03081037826019,2.97831121455726,0.0,0.633534609547721,310.6126,3.7381,2.0,2.0,0.10000000149011612,6.0,4.0,4,512,2,False,True,False,False,False
joint-repaired,bust,joint_c2_n2_r0.5_s0_i2,3,1997,True,True,,92.0,62.0,1.04880955656447,2.48203855145567,0.0,0.606148109986771,311.3066,4.0027,2.0,2.0,0.5,0.0,4.0,2,512,2,False,True,False,False,False
joint-repaired,bust,joint_c2_n2_r0.5_s0_i4,3,1997,True,True,,84.0,50.0,1.02659475400415,2.70755653211375,0.0,0.588392698430773,347.5328,3.5163,2.0,2.0,0.5,0.0,4.0,4,512,2,False,True,False,False,False
joint-repaired,bust,joint_c2_n2_r0.5_s6_i2,3,1997,True,True,,86.0,57.0,1.07557521361315,2.50220373823364,0.0,0.622950257478822,278.5689,3.8666,2.0,2.0,0.5,6.0,4.0,2,512,2,False,True,False,False,False
joint-repaired,bust,joint_c2_n2_r0.5_s6_i4,3,1997,True,True,,81.0,51.0,1.04115565287705,3.53601984112674,0.0,0.579533554779816,101.2808,4.0153,2.0,2.0,0.5,6.0,4.0,4,512,2,False,True,False,False,False
joint-repaired,bust,joint_c5_n4_r0.1_s0_i2,3,1997,True,True,,89.0,52.0,1.02775452849455,2.36342503954176,0.0,0.532553215974516,320.9572,3.4558,5.0,4.0,0.10000000149011612,0.0,4.0,2,512,2,False,True,False,False,False
joint-repaired,bust,joint_c5_n4_r0.1_s0_i4,3,1997,True,True,,90.0,53.0,1.03255016006987,2.40777234559665,0.0,0.554173254868693,356.8771,3.3943,5.0,4.0,0.10000000149011612,0.0,4.0,4,512,2,False,True,False,False,False
joint-repaired,bust,joint_c5_n4_r0.1_s6_i2,3,1997,True,True,,89.0,57.0,1.04411993056527,7.50911009935657,0.0,0.557577588750787,301.1951,3.9986,5.0,4.0,0.10000000149011612,6.0,4.0,2,512,2,False,True,False,False,False
joint-repaired,bust,joint_c5_n4_r0.1_s6_i4,3,1997,True,True,,85.0,57.0,1.03578472576844,11.2606138125763,0.0,0.611130608390078,317.7624,3.5946,5.0,4.0,0.10000000149011612,6.0,4.0,4,512,2,False,True,False,False,False
joint-repaired,bust,joint_c5_n4_r0.5_s0_i2,3,1997,True,True,,99.0,57.0,1.02843046688811,7.44893287919338,0.0,0.521879389662855,328.8362,3.4321,5.0,4.0,0.5,0.0,4.0,2,512,2,False,True,False,False,False
joint-repaired,bust,joint_c5_n4_r0.5_s0_i4,3,1997,True,True,,91.0,54.0,1.04303868311116,3.12464871159689,0.0,0.529063283335132,370.1773,3.7233,5.0,4.0,0.5,0.0,4.0,4,512,2,False,True,False,False,False
joint-repaired,bust,joint_c5_n4_r0.5_s6_i2,3,1997,True,True,,78.0,49.0,1.0357026629413,4.44982375569056,0.0,0.504550026072755,323.6531,3.3716,5.0,4.0,0.5,6.0,4.0,2,512,2,False,True,False,False,False
joint-repaired,bust,joint_c5_n4_r0.5_s6_i4,3,1997,True,True,,89.0,59.0,1.08093686107626,4.6896399915286,0.0,0.544551398610053,327.459,3.7209,5.0,4.0,0.5,6.0,4.0,4,512,2,False,True,False,False,False
joint-repaired,wave,upstream-default,3,800,True,True,,1.0,0.0,1.09928954312326,1.20964981967972,0.0,0.880711955305057,23.4899,1.1762,2.0,2.0,0.009999999776482582,6.0,4.0,1,512,2,False,True,False,False,False
joint-repaired,wave,c2_s6_n2_r0.01_se4_i2,3,800,True,True,,1.0,0.0,1.10240675500424,1.214054578673,0.0,0.870118501197138,40.7559,1.1712,2.0,2.0,0.009999999776482582,6.0,4.0,2,512,2,False,True,False,False,False
joint-repaired,wave,c2_s6_n2_r0.01_se4_i4,3,800,True,True,,1.0,0.0,1.10240693232249,1.2140566644353,0.0,0.870118893802261,68.686,1.2229,2.0,2.0,0.009999999776482582,6.0,4.0,4,512,2,False,True,False,False,False
joint-repaired,wave,c2_s6_n2_r0.01_se4_i8,3,800,True,True,,1.0,0.0,1.10240693232249,1.2140566644353,0.0,0.870118893802261,72.9982,1.2263,2.0,2.0,0.009999999776482582,6.0,4.0,8,512,2,False,True,False,False,False
joint-repaired,wave,joint_c2_n2_r0.1_s0_i2,3,800,True,True,,1.0,0.0,1.09397090236668,1.20278711992856,0.0,0.880801841805727,44.5937,1.1719,2.0,2.0,0.10000000149011612,0.0,4.0,2,512,2,False,True,False,False,False
joint-repaired,wave,joint_c2_n2_r0.1_s0_i4,3,800,True,True,,1.0,0.0,1.10240681510008,1.21405365495594,0.0,0.870118460958514,82.8921,1.1771,2.0,2.0,0.10000000149011612,0.0,4.0,4,512,2,False,True,False,False,False
joint-repaired,wave,joint_c2_n2_r0.1_s6_i2,3,800,True,True,,1.0,0.0,1.1019753818093,1.20410486036229,0.0,0.873880193904433,42.4763,1.3029,2.0,2.0,0.10000000149011612,6.0,4.0,2,512,2,False,True,False,False,False
joint-repaired,wave,joint_c2_n2_r0.1_s6_i4,3,800,True,True,,1.0,0.0,1.10197458068628,1.20410600759412,0.0,0.873880614580526,59.4263,1.184,2.0,2.0,0.10000000149011612,6.0,4.0,4,512,2,False,True,False,False,False
joint-repaired,wave,joint_c2_n2_r0.5_s0_i2,3,800,True,True,,1.0,0.0,1.10240674880874,1.21405175048396,0.0,0.870118490331037,46.4288,1.1686,2.0,2.0,0.5,0.0,4.0,2,512,2,False,True,False,False,False
joint-repaired,wave,joint_c2_n2_r0.5_s0_i4,3,800,True,True,,1.0,0.0,1.10240642990901,1.21405494676828,0.0,0.870118929900256,62.0731,1.2072,2.0,2.0,0.5,0.0,4.0,4,512,2,False,True,False,False,False
joint-repaired,wave,joint_c2_n2_r0.5_s6_i2,3,800,True,True,,1.0,0.0,1.10197521330721,1.20410717397432,0.0,0.87387999826901,42.5595,1.169,2.0,2.0,0.5,6.0,4.0,2,512,2,False,True,False,False,False
joint-repaired,wave,joint_c2_n2_r0.5_s6_i4,3,800,True,True,,1.0,0.0,1.10197521996913,1.20410717397432,0.0,0.873880001127329,78.7742,1.1436,2.0,2.0,0.5,6.0,4.0,4,512,2,False,True,False,False,False
joint-repaired,wave,joint_c5_n4_r0.1_s0_i2,3,800,True,True,,1.0,0.0,1.10240674896209,1.21405175048396,0.0,0.870118490331037,62.3407,1.8147,5.0,4.0,0.10000000149011612,0.0,4.0,2,512,2,False,True,False,False,False
joint-repaired,wave,joint_c5_n4_r0.1_s0_i4,3,800,True,True,,1.0,0.0,1.05997777347001,1.11431434553121,0.0,0.885828811681027,91.5084,1.383,5.0,4.0,0.10000000149011612,0.0,4.0,4,512,2,False,True,False,False,False
joint-repaired,wave,joint_c5_n4_r0.1_s6_i2,3,800,True,True,,1.0,0.0,1.10197445933953,1.20410574460942,0.0,0.873880144459385,55.5627,1.2218,5.0,4.0,0.10000000149011612,6.0,4.0,2,512,2,False,True,False,False,False
joint-repaired,wave,joint_c5_n4_r0.1_s6_i4,3,800,True,True,,1.0,0.0,1.10197445933953,1.20410574460942,0.0,0.873880144459385,87.6614,1.2824,5.0,4.0,0.10000000149011612,6.0,4.0,4,512,2,False,True,False,False,False
joint-repaired,wave,joint_c5_n4_r0.5_s0_i2,3,800,True,True,,1.0,0.0,1.09397136249473,1.20278706258081,0.0,0.880801977069152,56.9248,1.245,5.0,4.0,0.5,0.0,4.0,2,512,2,False,True,False,False,False
joint-repaired,wave,joint_c5_n4_r0.5_s0_i4,3,800,True,True,,1.0,0.0,1.08782310068994,1.18109411915694,0.0,0.886907296410875,90.516,1.1553,5.0,4.0,0.5,0.0,4.0,4,512,2,False,True,False,False,False
joint-repaired,wave,joint_c5_n4_r0.5_s6_i2,3,800,True,True,,1.0,0.0,1.1019744818075,1.20410413827199,0.0,0.873880150846639,54.4406,1.2797,5.0,4.0,0.5,6.0,4.0,2,512,2,False,True,False,False,False
joint-repaired,wave,joint_c5_n4_r0.5_s6_i4,3,800,True,True,,1.0,0.0,1.10197538266691,1.20410486036229,0.0,0.873880210519335,86.9809,1.1974,5.0,4.0,0.5,6.0,4.0,4,512,2,False,True,False,False,False
joint-repaired,cylinder,upstream-default,3,320,True,True,,6.0,0.0,1.09845849033142,1.37229431109871,0.0,0.624682246117037,9.7842,0.3303,2.0,2.0,0.009999999776482582,6.0,4.0,1,512,2,False,True,False,False,False
joint-repaired,cylinder,c2_s6_n2_r0.01_se4_i2,3,320,True,True,,6.0,0.0,1.09845847882618,1.37229431109871,0.0,0.624682246117037,9.5807,0.3347,2.0,2.0,0.009999999776482582,6.0,4.0,2,512,2,False,True,False,False,False
joint-repaired,cylinder,c2_s6_n2_r0.01_se4_i4,3,320,True,True,,6.0,0.0,1.09845847882618,1.37229431109871,0.0,0.624682246117037,10.3858,0.3392,2.0,2.0,0.009999999776482582,6.0,4.0,4,512,2,False,True,False,False,False
joint-repaired,cylinder,c2_s6_n2_r0.01_se4_i8,3,320,True,True,,6.0,0.0,1.09845847882618,1.37229431109871,0.0,0.624682246117037,10.7782,0.3349,2.0,2.0,0.009999999776482582,6.0,4.0,8,512,2,False,True,False,False,False
joint-repaired,cylinder,joint_c2_n2_r0.1_s0_i2,3,320,True,True,,6.0,0.0,1.09845847882618,1.37229431109871,0.0,0.624682246117037,10.3783,0.3304,2.0,2.0,0.10000000149011612,0.0,4.0,2,512,2,False,True,False,False,False
joint-repaired,cylinder,joint_c2_n2_r0.1_s0_i4,3,320,True,True,,6.0,0.0,1.09845847882618,1.37229431109871,0.0,0.624682246117037,10.4453,0.3304,2.0,2.0,0.10000000149011612,0.0,4.0,4,512,2,False,True,False,False,False
joint-repaired,cylinder,joint_c2_n2_r0.1_s6_i2,3,320,True,True,,6.0,0.0,1.09845847882618,1.37229431109871,0.0,0.624682246117037,9.9626,0.3295,2.0,2.0,0.10000000149011612,6.0,4.0,2,512,2,False,True,False,False,False
joint-repaired,cylinder,joint_c2_n2_r0.1_s6_i4,3,320,True,True,,6.0,0.0,1.09845847882618,1.37229431109871,0.0,0.624682246117037,9.9951,0.3294,2.0,2.0,0.10000000149011612,6.0,4.0,4,512,2,False,True,False,False,False
joint-repaired,cylinder,joint_c2_n2_r0.5_s0_i2,3,320,True,True,,6.0,0.0,1.09845847882618,1.37229431109871,0.0,0.624682246117037,9.8962,0.3331,2.0,2.0,0.5,0.0,4.0,2,512,2,False,True,False,False,False
joint-repaired,cylinder,joint_c2_n2_r0.5_s0_i4,3,320,True,True,,6.0,0.0,1.09845847882618,1.37229431109871,0.0,0.624682246117037,9.7744,0.331,2.0,2.0,0.5,0.0,4.0,4,512,2,False,True,False,False,False
joint-repaired,cylinder,joint_c2_n2_r0.5_s6_i2,3,320,True,True,,6.0,0.0,1.09845847882618,1.37229431109871,0.0,0.624682246117037,10.0402,0.3334,2.0,2.0,0.5,6.0,4.0,2,512,2,False,True,False,False,False
joint-repaired,cylinder,joint_c2_n2_r0.5_s6_i4,3,320,True,True,,6.0,0.0,1.09845847882618,1.37229431109871,0.0,0.624682246117037,9.8352,0.3284,2.0,2.0,0.5,6.0,4.0,4,512,2,False,True,False,False,False
joint-repaired,cylinder,joint_c5_n4_r0.1_s0_i2,3,320,True,True,,5.0,0.0,1.24900145251482,1.26648288261802,0.0,0.779146776141389,9.7848,0.3738,5.0,4.0,0.10000000149011612,0.0,4.0,2,512,2,False,True,False,False,False
joint-repaired,cylinder,joint_c5_n4_r0.1_s0_i4,3,320,True,True,,5.0,0.0,1.24900145251482,1.26648288261802,0.0,0.779146776141389,9.6961,0.3714,5.0,4.0,0.10000000149011612,0.0,4.0,4,512,2,False,True,False,False,False
joint-repaired,cylinder,joint_c5_n4_r0.1_s6_i2,3,320,True,True,,5.0,0.0,1.24900145251482,1.26648288261802,0.0,0.779146776141389,10.0085,0.3754,5.0,4.0,0.10000000149011612,6.0,4.0,2,512,2,False,True,False,False,False
joint-repaired,cylinder,joint_c5_n4_r0.1_s6_i4,3,320,True,True,,5.0,0.0,1.24900145251482,1.26648288261802,0.0,0.779146776141389,10.8878,0.4139,5.0,4.0,0.10000000149011612,6.0,4.0,4,512,2,False,True,False,False,False
joint-repaired,cylinder,joint_c5_n4_r0.5_s0_i2,3,320,True,True,,5.0,0.0,1.24900145251482,1.26648288261802,0.0,0.779146776141389,9.668,0.3706,5.0,4.0,0.5,0.0,4.0,2,512,2,False,True,False,False,False
joint-repaired,cylinder,joint_c5_n4_r0.5_s0_i4,3,320,True,True,,5.0,0.0,1.24900145251482,1.26648288261802,0.0,0.779146776141389,10.3352,0.374,5.0,4.0,0.5,0.0,4.0,4,512,2,False,True,False,False,False
joint-repaired,cylinder,joint_c5_n4_r0.5_s6_i2,3,320,True,True,,5.0,0.0,1.24900145251482,1.26648288261802,0.0,0.779146776141389,10.0292,0.3741,5.0,4.0,0.5,6.0,4.0,2,512,2,False,True,False,False,False
joint-repaired,cylinder,joint_c5_n4_r0.5_s6_i4,3,320,True,True,,5.0,0.0,1.24900145251482,1.26648288261802,0.0,0.779146776141389,9.9925,0.3714,5.0,4.0,0.5,6.0,4.0,4,512,2,False,True,False,False,False
joint-repaired,torus,upstream-default,3,768,True,True,,12.0,2.0,1.27756010317922,1.34973374862593,0.0,0.550084710838916,21.9501,1.062,2.0,2.0,0.009999999776482582,6.0,4.0,1,512,2,False,True,False,False,False
joint-repaired,torus,c2_s6_n2_r0.01_se4_i2,3,768,True,True,,8.0,0.0,1.03191669534615,1.09466189529341,0.0,0.505771226389068,24.0025,1.0417,2.0,2.0,0.009999999776482582,6.0,4.0,2,512,2,False,True,False,False,False
joint-repaired,torus,c2_s6_n2_r0.01_se4_i4,3,768,True,True,,12.0,2.0,1.1513826476424,1.36498650952101,0.0,0.577112622519418,31.1814,1.0252,2.0,2.0,0.009999999776482582,6.0,4.0,4,512,2,False,True,False,False,False
joint-repaired,torus,c2_s6_n2_r0.01_se4_i8,3,768,True,True,,11.0,1.0,1.11442046563805,1.17497539648252,0.0,0.540359321679193,44.8927,1.0307,2.0,2.0,0.009999999776482582,6.0,4.0,8,512,2,False,True,False,False,False
joint-repaired,torus,joint_c2_n2_r0.1_s0_i2,3,768,True,True,,8.0,0.0,1.44038400921367,1.85433143668984,0.0,0.557911820104753,24.475,1.1082,2.0,2.0,0.10000000149011612,0.0,4.0,2,512,2,False,True,False,False,False
joint-repaired,torus,joint_c2_n2_r0.1_s0_i4,3,768,True,True,,10.0,0.0,1.11420628639457,1.4626719883971,0.0,0.465358487343224,34.2996,1.0112,2.0,2.0,0.10000000149011612,0.0,4.0,4,512,2,False,True,False,False,False
joint-repaired,torus,joint_c2_n2_r0.1_s6_i2,3,768,True,True,,8.0,0.0,1.05178577247657,1.37697966981403,0.0,0.520970301362609,24.4535,1.0197,2.0,2.0,0.10000000149011612,6.0,4.0,2,512,2,False,True,False,False,False
joint-repaired,torus,joint_c2_n2_r0.1_s6_i4,3,768,True,True,,9.0,2.0,1.61704368367691,2.08416546808075,0.0,0.610510400338125,31.4965,1.5341,2.0,2.0,0.10000000149011612,6.0,4.0,4,512,2,False,True,False,False,False
joint-repaired,torus,joint_c2_n2_r0.5_s0_i2,3,768,True,True,,12.0,2.0,1.03963854029059,1.3620848841071,0.0,0.513057482846879,26.0529,0.995,2.0,2.0,0.5,0.0,4.0,2,512,2,False,True,False,False,False
joint-repaired,torus,joint_c2_n2_r0.5_s0_i4,3,768,True,True,,14.0,4.0,1.04323106311359,1.3734728372765,0.0,0.508395833118018,32.8406,1.0003,2.0,2.0,0.5,0.0,4.0,4,512,2,False,True,False,False,False
joint-repaired,torus,joint_c2_n2_r0.5_s6_i2,3,768,True,True,,11.0,0.0,1.04777922330739,1.36047927473232,0.0,0.557786858233262,24.7014,0.9946,2.0,2.0,0.5,6.0,4.0,2,512,2,False,True,False,False,False
joint-repaired,torus,joint_c2_n2_r0.5_s6_i4,3,768,True,True,,11.0,0.0,1.04778137915747,1.36047927473232,0.0,0.557786846556578,32.7705,1.0042,2.0,2.0,0.5,6.0,4.0,4,512,2,False,True,False,False,False
joint-repaired,torus,joint_c5_n4_r0.1_s0_i2,3,768,True,True,,8.0,0.0,1.3796786110839,1.47644054268761,0.0,0.544089421017704,24.44,1.1445,5.0,4.0,0.10000000149011612,0.0,4.0,2,512,2,False,True,False,False,False
joint-repaired,torus,joint_c5_n4_r0.1_s0_i4,3,768,True,True,,10.0,0.0,1.08114908723338,1.14350972905544,0.0,0.468947527834044,32.5018,1.012,5.0,4.0,0.10000000149011612,0.0,4.0,4,512,2,False,True,False,False,False
joint-repaired,torus,joint_c5_n4_r0.1_s6_i2,3,768,True,True,,8.0,0.0,1.3534479212638,1.44453074630929,0.0,0.555286472836914,25.3973,1.1002,5.0,4.0,0.10000000149011612,6.0,4.0,2,512,2,False,True,False,False,False
joint-repaired,torus,joint_c5_n4_r0.1_s6_i4,3,768,True,True,,9.0,0.0,1.02847108499926,1.0757364197,0.0,0.540116311017142,31.1583,1.0314,5.0,4.0,0.10000000149011612,6.0,4.0,4,512,2,False,True,False,False,False
joint-repaired,torus,joint_c5_n4_r0.5_s0_i2,3,768,True,True,,13.0,3.0,1.03987147018144,1.36373225083966,0.0,0.525414154858194,26.1204,0.9815,5.0,4.0,0.5,0.0,4.0,2,512,2,False,True,False,False,False
joint-repaired,torus,joint_c5_n4_r0.5_s0_i4,3,768,True,True,,11.0,1.0,1.04713718574276,1.33834521232407,0.0,0.536241289115673,33.1713,0.9761,5.0,4.0,0.5,0.0,4.0,4,512,2,False,True,False,False,False
joint-repaired,torus,joint_c5_n4_r0.5_s6_i2,3,768,True,True,,10.0,0.0,1.12628814906701,1.47635252103446,0.0,0.530302206173562,25.0802,1.0364,5.0,4.0,0.5,6.0,4.0,2,512,2,False,True,False,False,False
joint-repaired,torus,joint_c5_n4_r0.5_s6_i4,3,768,True,True,,10.0,1.0,1.28190388677122,1.66143399542996,0.0,0.555815622992892,31.4218,1.1081,5.0,4.0,0.5,6.0,4.0,4,512,2,False,True,False,False,False
joint-repaired,cube,upstream-default,3,12,True,True,,6.0,6.0,1.48818894789368,1.48818923671371,0.0,0.930133724421981,4.8079,0.0382,2.0,2.0,0.009999999776482582,6.0,4.0,1,512,2,False,True,False,False,False
joint-repaired,cube,c2_s6_n2_r0.01_se4_i2,3,12,True,True,,6.0,6.0,1.48818894789368,1.48818923671371,0.0,0.930133724421981,4.8148,0.0375,2.0,2.0,0.009999999776482582,6.0,4.0,2,512,2,False,True,False,False,False
joint-repaired,cube,c2_s6_n2_r0.01_se4_i4,3,12,True,True,,6.0,6.0,1.48818894789368,1.48818923671371,0.0,0.930133724421981,5.5984,0.0374,2.0,2.0,0.009999999776482582,6.0,4.0,4,512,2,False,True,False,False,False
joint-repaired,cube,c2_s6_n2_r0.01_se4_i8,3,12,True,True,,6.0,6.0,1.48818894789368,1.48818923671371,0.0,0.930133724421981,5.3577,0.0505,2.0,2.0,0.009999999776482582,6.0,4.0,8,512,2,False,True,False,False,False
joint-repaired,cube,joint_c2_n2_r0.1_s0_i2,3,12,True,True,,6.0,6.0,1.48818894789368,1.48818923671371,0.0,0.930133724421981,4.7822,0.0406,2.0,2.0,0.10000000149011612,0.0,4.0,2,512,2,False,True,False,False,False
joint-repaired,cube,joint_c2_n2_r0.1_s0_i4,3,12,True,True,,6.0,6.0,1.48818894789368,1.48818923671371,0.0,0.930133724421981,5.2917,0.0507,2.0,2.0,0.10000000149011612,0.0,4.0,4,512,2,False,True,False,False,False
joint-repaired,cube,joint_c2_n2_r0.1_s6_i2,3,12,True,True,,6.0,6.0,1.48818894789368,1.48818923671371,0.0,0.930133724421981,5.567,0.0522,2.0,2.0,0.10000000149011612,6.0,4.0,2,512,2,False,True,False,False,False
joint-repaired,cube,joint_c2_n2_r0.1_s6_i4,3,12,True,True,,6.0,6.0,1.48818894789368,1.48818923671371,0.0,0.930133724421981,4.9477,0.0455,2.0,2.0,0.10000000149011612,6.0,4.0,4,512,2,False,True,False,False,False
joint-repaired,cube,joint_c2_n2_r0.5_s0_i2,3,12,True,True,,6.0,6.0,1.48818894789368,1.48818923671371,0.0,0.930133724421981,5.1107,0.0422,2.0,2.0,0.5,0.0,4.0,2,512,2,False,True,False,False,False
joint-repaired,cube,joint_c2_n2_r0.5_s0_i4,3,12,True,True,,6.0,6.0,1.48818894789368,1.48818923671371,0.0,0.930133724421981,5.0526,0.0485,2.0,2.0,0.5,0.0,4.0,4,512,2,False,True,False,False,False
joint-repaired,cube,joint_c2_n2_r0.5_s6_i2,3,12,True,True,,6.0,6.0,1.48818894789368,1.48818923671371,0.0,0.930133724421981,6.6197,0.0524,2.0,2.0,0.5,6.0,4.0,2,512,2,False,True,False,False,False
joint-repaired,cube,joint_c2_n2_r0.5_s6_i4,3,12,True,True,,6.0,6.0,1.48818894789368,1.48818923671371,0.0,0.930133724421981,5.0037,0.0438,2.0,2.0,0.5,6.0,4.0,4,512,2,False,True,False,False,False
joint-repaired,cube,joint_c5_n4_r0.1_s0_i2,3,12,True,True,,6.0,6.0,1.48818894789368,1.48818923671371,0.0,0.930133724421981,4.723,0.0395,5.0,4.0,0.10000000149011612,0.0,4.0,2,512,2,False,True,False,False,False
joint-repaired,cube,joint_c5_n4_r0.1_s0_i4,3,12,True,True,,6.0,6.0,1.48818894789368,1.48818923671371,0.0,0.930133724421981,4.6458,0.043,5.0,4.0,0.10000000149011612,0.0,4.0,4,512,2,False,True,False,False,False
joint-repaired,cube,joint_c5_n4_r0.1_s6_i2,3,12,True,True,,6.0,6.0,1.48818894789368,1.48818923671371,0.0,0.930133724421981,4.6899,0.0406,5.0,4.0,0.10000000149011612,6.0,4.0,2,512,2,False,True,False,False,False
joint-repaired,cube,joint_c5_n4_r0.1_s6_i4,3,12,True,True,,6.0,6.0,1.48818894789368,1.48818923671371,0.0,0.930133724421981,4.9727,0.0409,5.0,4.0,0.10000000149011612,6.0,4.0,4,512,2,False,True,False,False,False
joint-repaired,cube,joint_c5_n4_r0.5_s0_i2,3,12,True,True,,6.0,6.0,1.48818894789368,1.48818923671371,0.0,0.930133724421981,4.9662,0.0447,5.0,4.0,0.5,0.0,4.0,2,512,2,False,True,False,False,False
joint-repaired,cube,joint_c5_n4_r0.5_s0_i4,3,12,True,True,,6.0,6.0,1.48818894789368,1.48818923671371,0.0,0.930133724421981,4.9916,0.0499,5.0,4.0,0.5,0.0,4.0,4,512,2,False,True,False,False,False
joint-repaired,cube,joint_c5_n4_r0.5_s6_i2,3,12,True,True,,6.0,6.0,1.48818894789368,1.48818923671371,0.0,0.930133724421981,5.2838,0.0464,5.0,4.0,0.5,6.0,4.0,2,512,2,False,True,False,False,False
joint-repaired,cube,joint_c5_n4_r0.5_s6_i4,3,12,True,True,,6.0,6.0,1.48818894789368,1.48818923671371,0.0,0.930133724421981,4.8582,0.0432,5.0,4.0,0.5,6.0,4.0,4,512,2,False,True,False,False,False
packing-complete,bust,upstream-default_res512_bf0_bl0_ro0,3,1997,True,True,,92.0,62.0,1.08624699490325,3.28927863737832,6.0,0.55497730451287,64.191,3.7239,2.0,2.0,0.009999999776482582,6.0,4.0,1,512,2,False,False,False,False,False
packing-complete,bust,upstream-default_res512_bf0_bl0_ro1,3,1997,True,True,,92.0,62.0,1.0351960683014,3.00663372536081,6.0,0.606014931496825,64.486,4.1367,2.0,2.0,0.009999999776482582,6.0,4.0,1,512,2,False,True,False,False,False
packing-complete,bust,upstream-default_res512_bf0_bl1_ro0,3,1997,True,True,,92.0,62.0,1.08418772201093,3.1680844127076,6.0,0.568528189547029,65.158,3.5693,2.0,2.0,0.009999999776482582,6.0,4.0,1,512,2,False,False,True,False,False
packing-complete,bust,upstream-default_res512_bf0_bl1_ro1,3,1997,True,True,,92.0,62.0,1.03867703361948,7.01875052300208,6.0,0.599990278821328,62.5939,3.4189,2.0,2.0,0.009999999776482582,6.0,4.0,1,512,2,False,True,True,False,False
packing-complete,bust,upstream-default_res512_bf1_bl0_ro0,3,1997,True,True,,92.0,62.0,1.10511975613772,3.34887469204149,6.0,0.580146674364771,161.9231,3.6865,2.0,2.0,0.009999999776482582,6.0,4.0,1,512,2,True,False,False,False,False
packing-complete,bust,upstream-default_res512_bf1_bl0_ro1,3,1997,True,True,,92.0,62.0,1.02956795132783,3.04314312457661,6.0,0.634243284568161,157.7515,3.5944,2.0,2.0,0.009999999776482582,6.0,4.0,1,512,2,True,True,False,False,False
packing-complete,bust,upstream-default_res512_bf1_bl1_ro0,3,1997,True,True,,92.0,62.0,1.17862471134519,3.53774918892511,6.0,0.579209047550374,67.8381,3.7255,2.0,2.0,0.009999999776482582,6.0,4.0,1,512,2,True,False,True,False,False
packing-complete,bust,upstream-default_res512_bf1_bl1_ro1,3,1997,True,True,,92.0,62.0,1.12482559270245,6.36595269271892,6.0,0.627157011363043,68.556,3.9532,2.0,2.0,0.009999999776482582,6.0,4.0,1,512,2,True,True,True,False,False
packing-complete,bust,upstream-default_res2048_bf0_bl0_ro0,3,1997,True,True,,92.0,62.0,1.05226948304664,3.15305756239673,6.0,0.591568471618303,251.0764,3.8053,2.0,2.0,0.009999999776482582,6.0,4.0,1,2048,8,False,False,False,False,False
packing-complete,bust,upstream-default_res2048_bf0_bl0_ro1,3,1997,True,True,,92.0,62.0,1.03402242139661,3.00767088228932,6.0,0.588742370088557,295.8283,3.641,2.0,2.0,0.009999999776482582,6.0,4.0,1,2048,8,False,True,False,False,False
packing-complete,bust,upstream-default_res2048_bf0_bl1_ro0,3,1997,True,True,,92.0,62.0,1.06802344969023,3.20785762136904,6.0,0.569107558941011,253.2451,3.6543,2.0,2.0,0.009999999776482582,6.0,4.0,1,2048,8,False,False,True,False,False
packing-complete,bust,upstream-default_res2048_bf0_bl1_ro1,3,1997,True,True,,92.0,62.0,1.03392039056953,3.07186160109658,6.0,0.588197974385557,290.9602,3.6504,2.0,2.0,0.009999999776482582,6.0,4.0,1,2048,8,False,True,True,False,False
packing-complete,bust,upstream-default_res2048_bf1_bl1_ro1,3,1997,True,True,,92.0,62.0,1.05084803810442,2.94577093524007,6.0,0.60684443781994,1669.9319,4.0369,2.0,2.0,0.009999999776482582,6.0,4.0,1,2048,8,True,True,True,False,False
packing-complete,bust,c2_s6_n2_r0.5_se4_i1_res512_bf0_bl0_ro0,3,1997,True,True,,81.0,46.0,1.05962297895517,2.44978427644098,0.0,0.577596888860592,61.2111,4.0768,2.0,2.0,0.5,6.0,4.0,1,512,2,False,False,False,False,False
packing-complete,bust,c2_s6_n2_r0.5_se4_i1_res512_bf0_bl0_ro1,3,1997,True,True,,81.0,46.0,1.09449263958887,2.44181828848362,0.0,0.617434383204084,60.3272,3.9164,2.0,2.0,0.5,6.0,4.0,1,512,2,False,True,False,False,False
packing-complete,bust,c2_s6_n2_r0.5_se4_i1_res512_bf0_bl1_ro0,3,1997,True,True,,81.0,46.0,1.04145586431183,2.43467383336015,0.0,0.583498057538601,61.5708,3.5423,2.0,2.0,0.5,6.0,4.0,1,512,2,False,False,True,False,False
packing-complete,bust,c2_s6_n2_r0.5_se4_i1_res512_bf0_bl1_ro1,3,1997,True,True,,81.0,46.0,1.04565351919887,2.40423136910823,0.0,0.604479343042796,61.4095,3.5083,2.0,2.0,0.5,6.0,4.0,1,512,2,False,True,True,False,False
packing-complete,bust,c2_s6_n2_r0.5_se4_i1_res512_bf1_bl0_ro0,3,1997,True,True,,81.0,46.0,1.03781688413517,2.4467691162758,0.0,0.579279121658118,158.596,4.1136,2.0,2.0,0.5,6.0,4.0,1,512,2,True,False,False,False,False
packing-complete,bust,c2_s6_n2_r0.5_se4_i1_res512_bf1_bl0_ro1,3,1997,True,True,,81.0,46.0,1.02880885804441,2.39806617851288,0.0,0.608884861303977,180.3728,3.5942,2.0,2.0,0.5,6.0,4.0,1,512,2,True,True,False,False,False
packing-complete,bust,c2_s6_n2_r0.5_se4_i1_res512_bf1_bl1_ro0,3,1997,True,True,,81.0,46.0,1.04188273665747,2.40754090277788,0.0,0.564378305598587,65.8993,3.5329,2.0,2.0,0.5,6.0,4.0,1,512,2,True,False,True,False,False
packing-complete,bust,c2_s6_n2_r0.5_se4_i1_res512_bf1_bl1_ro1,3,1997,True,True,,81.0,46.0,1.03804485659984,2.39819688523596,0.0,0.617015165118531,69.8097,3.5113,2.0,2.0,0.5,6.0,4.0,1,512,2,True,True,True,False,False
packing-complete,bust,c2_s6_n2_r0.5_se4_i1_res2048_bf0_bl0_ro0,3,1997,True,True,,81.0,46.0,1.02477659461022,2.39426973400953,0.0,0.581826613909159,261.8834,3.5142,2.0,2.0,0.5,6.0,4.0,1,2048,8,False,False,False,False,False
packing-complete,bust,c2_s6_n2_r0.5_se4_i1_res2048_bf0_bl0_ro1,3,1997,True,True,,81.0,46.0,1.02711696656626,2.39625588005531,0.0,0.620387933717206,309.5157,3.519,2.0,2.0,0.5,6.0,4.0,1,2048,8,False,True,False,False,False
packing-complete,bust,c2_s6_n2_r0.5_se4_i1_res2048_bf0_bl1_ro0,3,1997,True,True,,81.0,46.0,1.02676765940887,2.39043045308107,0.0,0.590954843749231,262.7457,3.6112,2.0,2.0,0.5,6.0,4.0,1,2048,8,False,False,True,False,False
packing-complete,bust,c2_s6_n2_r0.5_se4_i1_res2048_bf0_bl1_ro1,3,1997,True,True,,81.0,46.0,1.02647054326592,2.39685947268062,0.0,0.61932709622547,307.0148,3.5525,2.0,2.0,0.5,6.0,4.0,1,2048,8,False,True,True,False,False
packing-complete,bust,c2_s6_n2_r0.5_se4_i1_res2048_bf1_bl1_ro1,3,1997,True,True,,81.0,46.0,1.04753131416035,2.39387368692267,0.0,0.644104124139142,1976.218,4.0476,2.0,2.0,0.5,6.0,4.0,1,2048,8,True,True,True,False,False
packing-complete,wave,upstream-default_res512_bf0_bl0_ro0,3,800,True,True,,1.0,0.0,1.05933965016176,1.1162521229267,0.0,0.876623077862352,21.7073,1.1959,2.0,2.0,0.009999999776482582,6.0,4.0,1,512,2,False,False,False,False,False
packing-complete,wave,upstream-default_res512_bf0_bl0_ro1,3,800,True,True,,1.0,0.0,1.09928954312326,1.20964981967972,0.0,0.880711955305057,21.9969,1.2537,2.0,2.0,0.009999999776482582,6.0,4.0,1,512,2,False,True,False,False,False
packing-complete,wave,upstream-default_res512_bf0_bl1_ro0,3,800,True,True,,1.0,0.0,1.05933994271136,1.11626145854032,0.0,0.876638409652793,21.2552,1.1741,2.0,2.0,0.009999999776482582,6.0,4.0,1,512,2,False,False,True,False,False
packing-complete,wave,upstream-default_res512_bf0_bl1_ro1,3,800,True,True,,1.0,0.0,1.09929156567241,1.20965177730595,0.0,0.880735223679445,22.0096,1.1972,2.0,2.0,0.009999999776482582,6.0,4.0,1,512,2,False,True,True,False,False
packing-complete,wave,upstream-default_res512_bf1_bl0_ro0,3,800,True,True,,1.0,0.0,1.05933965016176,1.1162521229267,0.0,0.876623077862352,20.9359,1.1744,2.0,2.0,0.009999999776482582,6.0,4.0,1,512,2,True,False,False,False,False
packing-complete,wave,upstream-default_res512_bf1_bl0_ro1,3,800,True,True,,1.0,0.0,1.09928954312326,1.20964981967972,0.0,0.880711955305057,21.9463,1.222,2.0,2.0,0.009999999776482582,6.0,4.0,1,512,2,True,True,False,False,False
packing-complete,wave,upstream-default_res512_bf1_bl1_ro0,3,800,True,True,,1.0,0.0,1.05933994271136,1.11626145854032,0.0,0.876638409652793,21.2772,1.1808,2.0,2.0,0.009999999776482582,6.0,4.0,1,512,2,True,False,True,False,False
packing-complete,wave,upstream-default_res512_bf1_bl1_ro1,3,800,True,True,,1.0,0.0,1.09929156567241,1.20965177730595,0.0,0.880735223679445,21.8176,1.1869,2.0,2.0,0.009999999776482582,6.0,4.0,1,512,2,True,True,True,False,False
packing-complete,wave,upstream-default_res2048_bf0_bl0_ro0,3,800,True,True,,1.0,0.0,1.05933987137504,1.11626000752419,0.0,0.879379281742269,86.4383,1.1989,2.0,2.0,0.009999999776482582,6.0,4.0,1,2048,8,False,False,False,False,False
packing-complete,wave,upstream-default_res2048_bf0_bl0_ro1,3,800,True,True,,1.0,0.0,1.09941079558711,1.20980662786853,0.0,0.883492402193103,126.9594,1.2242,2.0,2.0,0.009999999776482582,6.0,4.0,1,2048,8,False,True,False,False,False
packing-complete,wave,upstream-default_res2048_bf0_bl1_ro0,3,800,True,True,,1.0,0.0,1.05933987182765,1.11625877468889,0.0,0.879380002305697,85.3837,1.1906,2.0,2.0,0.009999999776482582,6.0,4.0,1,2048,8,False,False,True,False,False
packing-complete,wave,upstream-default_res2048_bf0_bl1_ro1,3,800,True,True,,1.0,0.0,1.09941038522375,1.20980680369988,0.0,0.883493350189289,126.4332,1.1855,2.0,2.0,0.009999999776482582,6.0,4.0,1,2048,8,False,True,True,False,False
packing-complete,wave,upstream-default_res2048_bf1_bl1_ro1,3,800,True,True,,1.0,0.0,1.09941038522375,1.20980680369988,0.0,0.883493350189289,129.4352,1.2077,2.0,2.0,0.009999999776482582,6.0,4.0,1,2048,8,True,True,True,False,False
packing-complete,wave,c2_s6_n2_r0.5_se4_i1_res512_bf0_bl0_ro0,3,800,True,True,,1.0,0.0,1.05947572633729,1.11003228979937,0.0,0.881154126731133,22.4137,1.2553,2.0,2.0,0.5,6.0,4.0,1,512,2,False,False,False,False,False
packing-complete,wave,c2_s6_n2_r0.5_se4_i1_res512_bf0_bl0_ro1,3,800,True,True,,1.0,0.0,1.06263177357563,1.13743918025569,0.0,0.881590123937927,23.0084,1.2576,2.0,2.0,0.5,6.0,4.0,1,512,2,False,True,False,False,False
packing-complete,wave,c2_s6_n2_r0.5_se4_i1_res512_bf0_bl1_ro0,3,800,True,True,,1.0,0.0,1.05947572551299,1.11003638893628,0.0,0.881177280847346,22.6114,1.7821,2.0,2.0,0.5,6.0,4.0,1,512,2,False,False,True,False,False
packing-complete,wave,c2_s6_n2_r0.5_se4_i1_res512_bf0_bl1_ro1,3,800,True,True,,1.0,0.0,1.06263071945624,1.13743385407398,0.0,0.881601677671522,23.2272,1.3307,2.0,2.0,0.5,6.0,4.0,1,512,2,False,True,True,False,False
packing-complete,wave,c2_s6_n2_r0.5_se4_i1_res512_bf1_bl0_ro0,3,800,True,True,,1.0,0.0,1.05947572633729,1.11003228979937,0.0,0.881154126731133,23.0381,1.2747,2.0,2.0,0.5,6.0,4.0,1,512,2,True,False,False,False,False
packing-complete,wave,c2_s6_n2_r0.5_se4_i1_res512_bf1_bl0_ro1,3,800,True,True,,1.0,0.0,1.06263177357563,1.13743918025569,0.0,0.881590123937927,23.4947,1.2473,2.0,2.0,0.5,6.0,4.0,1,512,2,True,True,False,False,False
packing-complete,wave,c2_s6_n2_r0.5_se4_i1_res512_bf1_bl1_ro0,3,800,True,True,,1.0,0.0,1.05947572551299,1.11003638893628,0.0,0.881177280847346,22.4421,1.2721,2.0,2.0,0.5,6.0,4.0,1,512,2,True,False,True,False,False
packing-complete,wave,c2_s6_n2_r0.5_se4_i1_res512_bf1_bl1_ro1,3,800,True,True,,1.0,0.0,1.06263071945624,1.13743385407398,0.0,0.881601677671522,23.3754,1.2426,2.0,2.0,0.5,6.0,4.0,1,512,2,True,True,True,False,False
packing-complete,wave,c2_s6_n2_r0.5_se4_i1_res2048_bf0_bl0_ro0,3,800,True,True,,1.0,0.0,1.05947572304221,1.11003477395795,0.0,0.883930157369451,87.6172,1.2504,2.0,2.0,0.5,6.0,4.0,1,2048,8,False,False,False,False,False
packing-complete,wave,c2_s6_n2_r0.5_se4_i1_res2048_bf0_bl0_ro1,3,800,True,True,,1.0,0.0,1.062640985648,1.13747965763585,0.0,0.884371524774625,127.7602,1.6813,2.0,2.0,0.5,6.0,4.0,1,2048,8,False,True,False,False,False
packing-complete,wave,c2_s6_n2_r0.5_se4_i1_res2048_bf0_bl1_ro0,3,800,True,True,,1.0,0.0,1.05947571906786,1.11003200375323,0.0,0.88393111975938,88.1321,1.2614,2.0,2.0,0.5,6.0,4.0,1,2048,8,False,False,True,False,False
packing-complete,wave,c2_s6_n2_r0.5_se4_i1_res2048_bf0_bl1_ro1,3,800,True,True,,1.0,0.0,1.06264090683296,1.13747993293691,0.0,0.884372728020748,127.7529,1.2615,2.0,2.0,0.5,6.0,4.0,1,2048,8,False,True,True,False,False
packing-complete,wave,c2_s6_n2_r0.5_se4_i1_res2048_bf1_bl1_ro1,3,800,True,True,,1.0,0.0,1.06264090683296,1.13747993293691,0.0,0.884372728020748,128.556,1.2587,2.0,2.0,0.5,6.0,4.0,1,2048,8,True,True,True,False,False
packing-complete,cylinder,upstream-default_res512_bf0_bl0_ro0,3,320,True,True,,6.0,0.0,1.10170883604693,1.34646886920162,0.0,0.580173846239375,8.6152,0.3549,2.0,2.0,0.009999999776482582,6.0,4.0,1,512,2,False,False,False,False,False
packing-complete,cylinder,upstream-default_res512_bf0_bl0_ro1,3,320,True,True,,6.0,0.0,1.09845849033142,1.37229431109871,0.0,0.624682246117037,9.3386,0.3708,2.0,2.0,0.009999999776482582,6.0,4.0,1,512,2,False,True,False,False,False
packing-complete,cylinder,upstream-default_res512_bf0_bl1_ro0,3,320,True,True,,6.0,0.0,1.07409132652231,1.31081040440951,0.0,0.591869847160036,8.2133,0.3792,2.0,2.0,0.009999999776482582,6.0,4.0,1,512,2,False,False,True,False,False
packing-complete,cylinder,upstream-default_res512_bf0_bl1_ro1,3,320,True,True,,6.0,0.0,1.08142012933427,1.33895063456525,0.0,0.624242350099019,9.274,0.3488,2.0,2.0,0.009999999776482582,6.0,4.0,1,512,2,False,True,True,False,False
packing-complete,cylinder,upstream-default_res512_bf1_bl0_ro0,3,320,True,True,,6.0,0.0,1.061313123312,1.29709832395523,0.0,0.602256600231361,39.9938,0.3813,2.0,2.0,0.009999999776482582,6.0,4.0,1,512,2,True,False,False,False,False
packing-complete,cylinder,upstream-default_res512_bf1_bl0_ro1,3,320,True,True,,6.0,0.0,1.11341984930666,1.42854474662895,0.0,0.668477651816886,39.2981,0.357,2.0,2.0,0.009999999776482582,6.0,4.0,1,512,2,True,True,False,False,False
packing-complete,cylinder,upstream-default_res512_bf1_bl1_ro0,3,320,True,True,,6.0,0.0,1.0595769366492,1.29309521378468,0.0,0.599977652058903,10.4249,0.3934,2.0,2.0,0.009999999776482582,6.0,4.0,1,512,2,True,False,True,False,False
packing-complete,cylinder,upstream-default_res512_bf1_bl1_ro1,3,320,True,True,,6.0,0.0,1.11592469990606,1.43024154710432,0.0,0.666804310669967,10.2792,0.3623,2.0,2.0,0.009999999776482582,6.0,4.0,1,512,2,True,True,True,False,False
packing-complete,cylinder,upstream-default_res2048_bf0_bl0_ro0,3,320,True,True,,6.0,0.0,1.38278539951432,1.45510847455642,0.0,0.69267108081926,87.7658,0.3399,2.0,2.0,0.009999999776482582,6.0,4.0,1,2048,8,False,False,False,False,False
packing-complete,cylinder,upstream-default_res2048_bf0_bl0_ro1,3,320,True,True,,6.0,0.0,1.33948975586744,1.77395293764575,0.0,0.738157607092555,129.6575,0.3602,2.0,2.0,0.009999999776482582,6.0,4.0,1,2048,8,False,True,False,False,False
packing-complete,cylinder,upstream-default_res2048_bf0_bl1_ro0,3,320,True,True,,6.0,0.0,1.07203999048003,1.30987380578939,0.0,0.596580186531752,88.6474,0.387,2.0,2.0,0.009999999776482582,6.0,4.0,1,2048,8,False,False,True,False,False
packing-complete,cylinder,upstream-default_res2048_bf0_bl1_ro1,3,320,True,True,,6.0,0.0,1.27722965843853,1.69372100309301,0.0,0.769423104486312,125.2148,0.3639,2.0,2.0,0.009999999776482582,6.0,4.0,1,2048,8,False,True,True,False,False
packing-complete,cylinder,upstream-default_res2048_bf1_bl1_ro1,3,320,True,True,,6.0,0.0,1.1137030453346,1.42852612797089,0.0,0.674105084771967,578.6246,0.367,2.0,2.0,0.009999999776482582,6.0,4.0,1,2048,8,True,True,True,False,False
packing-complete,cylinder,c2_s6_n2_r0.5_se4_i1_res512_bf0_bl0_ro0,3,320,True,True,,6.0,0.0,1.10170883604693,1.34646886920162,0.0,0.580173846239375,9.7759,0.3815,2.0,2.0,0.5,6.0,4.0,1,512,2,False,False,False,False,False
packing-complete,cylinder,c2_s6_n2_r0.5_se4_i1_res512_bf0_bl0_ro1,3,320,True,True,,6.0,0.0,1.09845849033142,1.37229431109871,0.0,0.624682246117037,10.2623,0.363,2.0,2.0,0.5,6.0,4.0,1,512,2,False,True,False,False,False
packing-complete,cylinder,c2_s6_n2_r0.5_se4_i1_res512_bf0_bl1_ro0,3,320,True,True,,6.0,0.0,1.07409132652231,1.31081040440951,0.0,0.591869847160036,9.5825,0.3914,2.0,2.0,0.5,6.0,4.0,1,512,2,False,False,True,False,False
packing-complete,cylinder,c2_s6_n2_r0.5_se4_i1_res512_bf0_bl1_ro1,3,320,True,True,,6.0,0.0,1.08142012933427,1.33895063456525,0.0,0.624242350099019,9.4266,0.3554,2.0,2.0,0.5,6.0,4.0,1,512,2,False,True,True,False,False
packing-complete,cylinder,c2_s6_n2_r0.5_se4_i1_res512_bf1_bl0_ro0,3,320,True,True,,6.0,0.0,1.061313123312,1.29709832395523,0.0,0.602256600231361,41.4154,0.3715,2.0,2.0,0.5,6.0,4.0,1,512,2,True,False,False,False,False
packing-complete,cylinder,c2_s6_n2_r0.5_se4_i1_res512_bf1_bl0_ro1,3,320,True,True,,6.0,0.0,1.11341984930666,1.42854474662895,0.0,0.668477651816886,39.73,0.3676,2.0,2.0,0.5,6.0,4.0,1,512,2,True,True,False,False,False
packing-complete,cylinder,c2_s6_n2_r0.5_se4_i1_res512_bf1_bl1_ro0,3,320,True,True,,6.0,0.0,1.0595769366492,1.29309521378468,0.0,0.599977652058903,9.3879,0.3771,2.0,2.0,0.5,6.0,4.0,1,512,2,True,False,True,False,False
packing-complete,cylinder,c2_s6_n2_r0.5_se4_i1_res512_bf1_bl1_ro1,3,320,True,True,,6.0,0.0,1.11592469990606,1.43024154710432,0.0,0.666804310669967,11.5143,0.3709,2.0,2.0,0.5,6.0,4.0,1,512,2,True,True,True,False,False
packing-complete,cylinder,c2_s6_n2_r0.5_se4_i1_res2048_bf0_bl0_ro0,3,320,True,True,,6.0,0.0,1.38278539951432,1.45510847455642,0.0,0.69267108081926,88.7028,0.349,2.0,2.0,0.5,6.0,4.0,1,2048,8,False,False,False,False,False
packing-complete,cylinder,c2_s6_n2_r0.5_se4_i1_res2048_bf0_bl0_ro1,3,320,True,True,,6.0,0.0,1.33948975586744,1.77395293764575,0.0,0.738157607092555,127.0772,0.3637,2.0,2.0,0.5,6.0,4.0,1,2048,8,False,True,False,False,False
packing-complete,cylinder,c2_s6_n2_r0.5_se4_i1_res2048_bf0_bl1_ro0,3,320,True,True,,6.0,0.0,1.07203999048003,1.30987380578939,0.0,0.596580186531752,87.9611,0.4034,2.0,2.0,0.5,6.0,4.0,1,2048,8,False,False,True,False,False
packing-complete,cylinder,c2_s6_n2_r0.5_se4_i1_res2048_bf0_bl1_ro1,3,320,True,True,,6.0,0.0,1.27722965843853,1.69372100309301,0.0,0.769423104486312,125.8255,0.3703,2.0,2.0,0.5,6.0,4.0,1,2048,8,False,True,True,False,False
packing-complete,cylinder,c2_s6_n2_r0.5_se4_i1_res2048_bf1_bl1_ro1,3,320,True,True,,6.0,0.0,1.1137030453346,1.42852612797089,0.0,0.674105084771967,570.9162,0.362,2.0,2.0,0.5,6.0,4.0,1,2048,8,True,True,True,False,False
packing-complete,torus,upstream-default_res512_bf0_bl0_ro0,3,768,True,True,,12.0,2.0,2.02998293307051,2.1735199516801,0.0,0.47708312051502,19.3707,1.278,2.0,2.0,0.009999999776482582,6.0,4.0,1,512,2,False,False,False,False,False
packing-complete,torus,upstream-default_res512_bf0_bl0_ro1,3,768,True,True,,12.0,2.0,1.27756010317922,1.34973374862593,0.0,0.550084710838916,21.6445,1.068,2.0,2.0,0.009999999776482582,6.0,4.0,1,512,2,False,True,False,False,False
packing-complete,torus,upstream-default_res512_bf0_bl1_ro0,3,768,True,True,,12.0,2.0,1.98617405296998,2.14893912505079,0.0,0.464681835474618,19.3928,1.3661,2.0,2.0,0.009999999776482582,6.0,4.0,1,512,2,False,False,True,False,False
packing-complete,torus,upstream-default_res512_bf0_bl1_ro1,3,768,True,True,,12.0,2.0,1.32063666137203,1.46821761356647,0.0,0.559678820370974,20.4379,1.0836,2.0,2.0,0.009999999776482582,6.0,4.0,1,512,2,False,True,True,False,False
packing-complete,torus,upstream-default_res512_bf1_bl0_ro0,3,768,True,True,,12.0,2.0,2.1112841137387,2.26058672187436,0.0,0.497271743174106,77.7272,1.348,2.0,2.0,0.009999999776482582,6.0,4.0,1,512,2,True,False,False,False,False
packing-complete,torus,upstream-default_res512_bf1_bl0_ro1,3,768,True,True,,12.0,2.0,1.21621864434844,1.28533596676235,0.0,0.531306147970906,107.0469,1.0764,2.0,2.0,0.009999999776482582,6.0,4.0,1,512,2,True,True,False,False,False
packing-complete,torus,upstream-default_res512_bf1_bl1_ro0,3,768,True,True,,12.0,2.0,2.02100560251987,2.18663703757042,0.0,0.481021637610077,22.1623,1.8314,2.0,2.0,0.009999999776482582,6.0,4.0,1,512,2,True,False,True,False,False
packing-complete,torus,upstream-default_res512_bf1_bl1_ro1,3,768,True,True,,12.0,2.0,1.30670505968078,1.40661287755055,0.0,0.573903250627376,25.2816,1.0941,2.0,2.0,0.009999999776482582,6.0,4.0,1,512,2,True,True,True,False,False
packing-complete,torus,upstream-default_res2048_bf0_bl0_ro0,3,768,True,True,,12.0,2.0,2.07900050840665,2.22769493557513,0.0,0.487600151890283,180.7673,1.3018,2.0,2.0,0.009999999776482582,6.0,4.0,1,2048,8,False,False,False,False,False
packing-complete,torus,upstream-default_res2048_bf0_bl0_ro1,3,768,True,True,,12.0,2.0,1.02913922275226,1.08296258013139,0.0,0.500250221001947,254.385,1.0453,2.0,2.0,0.009999999776482582,6.0,4.0,1,2048,8,False,True,False,False,False
packing-complete,torus,upstream-default_res2048_bf0_bl1_ro0,3,768,True,True,,12.0,2.0,2.03332676181159,2.17916122168287,0.0,0.481167825949074,181.0166,1.3054,2.0,2.0,0.009999999776482582,6.0,4.0,1,2048,8,False,False,True,False,False
packing-complete,torus,upstream-default_res2048_bf0_bl1_ro1,3,768,True,True,,12.0,2.0,1.04065451782738,1.10268878614355,0.0,0.546842750040959,256.7346,1.0614,2.0,2.0,0.009999999776482582,6.0,4.0,1,2048,8,False,True,True,False,False
packing-complete,torus,upstream-default_res2048_bf1_bl1_ro1,3,768,True,True,,12.0,2.0,1.22314336065764,1.29375741148108,0.0,0.537779169833439,1449.4877,1.0781,2.0,2.0,0.009999999776482582,6.0,4.0,1,2048,8,True,True,True,False,False
packing-complete,torus,c2_s6_n2_r0.5_se4_i1_res512_bf0_bl0_ro0,3,768,True,True,,11.0,0.0,1.05715898536146,1.32789317421357,0.0,0.534644304054794,18.9819,1.0393,2.0,2.0,0.5,6.0,4.0,1,512,2,False,False,False,False,False
packing-complete,torus,c2_s6_n2_r0.5_se4_i1_res512_bf0_bl0_ro1,3,768,True,True,,11.0,0.0,1.04332950342403,1.3701718914335,0.0,0.507925449887682,20.0111,1.0491,2.0,2.0,0.5,6.0,4.0,1,512,2,False,True,False,False,False
packing-complete,torus,c2_s6_n2_r0.5_se4_i1_res512_bf0_bl1_ro0,3,768,True,True,,11.0,0.0,1.11283135697732,1.28641210492263,0.0,0.519327389867175,19.6402,0.9972,2.0,2.0,0.5,6.0,4.0,1,512,2,False,False,True,False,False
packing-complete,torus,c2_s6_n2_r0.5_se4_i1_res512_bf0_bl1_ro1,3,768,True,True,,11.0,0.0,1.05590518707177,1.4059686107847,0.0,0.531691221259231,19.9123,1.0314,2.0,2.0,0.5,6.0,4.0,1,512,2,False,True,True,False,False
packing-complete,torus,c2_s6_n2_r0.5_se4_i1_res512_bf1_bl0_ro0,3,768,True,True,,11.0,0.0,1.04519447159589,1.34594603221237,0.0,0.545127536207859,84.6776,1.0303,2.0,2.0,0.5,6.0,4.0,1,512,2,True,False,False,False,False
packing-complete,torus,c2_s6_n2_r0.5_se4_i1_res512_bf1_bl0_ro1,3,768,True,True,,11.0,0.0,1.04057429520967,1.36215762024403,0.0,0.559130689772054,52.648,1.047,2.0,2.0,0.5,6.0,4.0,1,512,2,True,True,False,False,False
packing-complete,torus,c2_s6_n2_r0.5_se4_i1_res512_bf1_bl1_ro0,3,768,True,True,,11.0,0.0,1.04900685071916,1.35144719859795,0.0,0.545724771632993,23.0283,1.0304,2.0,2.0,0.5,6.0,4.0,1,512,2,True,False,True,False,False
packing-complete,torus,c2_s6_n2_r0.5_se4_i1_res512_bf1_bl1_ro1,3,768,True,True,,11.0,0.0,1.04101059480004,1.37120282940064,0.0,0.563923553406922,21.1358,1.0704,2.0,2.0,0.5,6.0,4.0,1,512,2,True,True,True,False,False
packing-complete,torus,c2_s6_n2_r0.5_se4_i1_res2048_bf0_bl0_ro0,3,768,True,True,,11.0,0.0,1.0862043897797,1.28474242093766,0.0,0.508274997069786,176.7448,1.0365,2.0,2.0,0.5,6.0,4.0,1,2048,8,False,False,False,False,False
packing-complete,torus,c2_s6_n2_r0.5_se4_i1_res2048_bf0_bl0_ro1,3,768,True,True,,11.0,0.0,1.0781241658316,1.40441087340604,0.0,0.518065232610701,240.9684,0.9951,2.0,2.0,0.5,6.0,4.0,1,2048,8,False,True,False,False,False
packing-complete,torus,c2_s6_n2_r0.5_se4_i1_res2048_bf0_bl1_ro0,3,768,True,True,,11.0,0.0,1.05321894661841,1.32260297136849,0.0,0.534258875246769,177.9443,1.0354,2.0,2.0,0.5,6.0,4.0,1,2048,8,False,False,True,False,False
packing-complete,torus,c2_s6_n2_r0.5_se4_i1_res2048_bf0_bl1_ro1,3,768,True,True,,11.0,0.0,1.04387484193058,1.36121946834959,0.0,0.553958184384884,239.9006,1.0357,2.0,2.0,0.5,6.0,4.0,1,2048,8,False,True,True,False,False
packing-complete,torus,c2_s6_n2_r0.5_se4_i1_res2048_bf1_bl1_ro1,3,768,True,True,,11.0,0.0,1.04028418400067,1.35139091599826,0.0,0.563234105254197,749.2709,1.0775,2.0,2.0,0.5,6.0,4.0,1,2048,8,True,True,True,False,False
packing-complete,cube,upstream-default_res512_bf0_bl0_ro0,3,12,True,True,,6.0,6.0,1.46410258151546,1.46410274726356,0.0,0.902303614079045,4.7703,0.0528,2.0,2.0,0.009999999776482582,6.0,4.0,1,512,2,False,False,False,False,False
packing-complete,cube,upstream-default_res512_bf0_bl0_ro1,3,12,True,True,,6.0,6.0,1.48818894789368,1.48818923671371,0.0,0.930133724421981,5.4951,0.0516,2.0,2.0,0.009999999776482582,6.0,4.0,1,512,2,False,True,False,False,False
packing-complete,cube,upstream-default_res512_bf0_bl1_ro0,3,12,True,True,,6.0,6.0,1.49473685225521,1.49473701011156,0.0,0.930939579015533,4.1307,0.047,2.0,2.0,0.009999999776482582,6.0,4.0,1,512,2,False,False,True,False,False
packing-complete,cube,upstream-default_res512_bf0_bl1_ro1,3,12,True,True,,6.0,6.0,1.52127663918287,1.52127680934638,0.0,0.934263911040597,5.1806,0.0507,2.0,2.0,0.009999999776482582,6.0,4.0,1,512,2,False,True,True,False,False
packing-complete,cube,upstream-default_res512_bf1_bl0_ro0,3,12,True,True,,6.0,6.0,1.50537640871841,1.50537656035831,0.0,0.964544914120353,4.4999,0.0477,2.0,2.0,0.009999999776482582,6.0,4.0,1,512,2,True,False,False,False,False
packing-complete,cube,upstream-default_res512_bf1_bl0_ro1,3,12,True,True,,6.0,6.0,1.50537643448183,1.50537656035831,0.0,0.964544914120353,5.6286,0.0528,2.0,2.0,0.009999999776482582,6.0,4.0,1,512,2,True,True,False,False,False
packing-complete,cube,upstream-default_res512_bf1_bl1_ro0,3,12,True,True,,6.0,6.0,1.50537640871841,1.50537656035831,0.0,0.964544914120353,4.5719,0.0575,2.0,2.0,0.009999999776482582,6.0,4.0,1,512,2,True,False,True,False,False
packing-complete,cube,upstream-default_res512_bf1_bl1_ro1,3,12,True,True,,6.0,6.0,1.50537643448183,1.50537656035831,0.0,0.964544914120353,4.8274,0.0526,2.0,2.0,0.009999999776482582,6.0,4.0,1,512,2,True,True,True,False,False
packing-complete,cube,upstream-default_res2048_bf0_bl0_ro0,3,12,True,True,,6.0,6.0,1.53891433630754,1.53891445442035,0.0,0.888725322988401,51.7729,0.0606,2.0,2.0,0.009999999776482582,6.0,4.0,1,2048,8,False,False,False,False,False
packing-complete,cube,upstream-default_res2048_bf0_bl0_ro1,3,12,True,True,,6.0,6.0,1.00806085758428,1.00806099035412,0.0,0.636110761451754,83.7253,0.0602,2.0,2.0,0.009999999776482582,6.0,4.0,1,2048,8,False,True,False,False,False
packing-complete,cube,upstream-default_res2048_bf0_bl1_ro0,3,12,True,True,,6.0,6.0,1.55874667007903,1.55874685220569,0.0,0.876380955170701,51.1707,0.0571,2.0,2.0,0.009999999776482582,6.0,4.0,1,2048,8,False,False,True,False,False
packing-complete,cube,upstream-default_res2048_bf0_bl1_ro1,3,12,True,True,,6.0,6.0,1.21786499640389,1.21786514638436,0.0,0.780982883206629,82.1843,0.0596,2.0,2.0,0.009999999776482582,6.0,4.0,1,2048,8,False,True,True,False,False
packing-complete,cube,upstream-default_res2048_bf1_bl1_ro1,3,12,True,True,,6.0,6.0,1.50540540580572,1.50540557673579,0.0,0.972319717120165,81.5165,0.058,2.0,2.0,0.009999999776482582,6.0,4.0,1,2048,8,True,True,True,False,False
packing-complete,cube,c2_s6_n2_r0.5_se4_i1_res512_bf0_bl0_ro0,3,12,True,True,,6.0,6.0,1.46410258151546,1.46410274726356,0.0,0.902303614079045,4.2352,0.0472,2.0,2.0,0.5,6.0,4.0,1,512,2,False,False,False,False,False
packing-complete,cube,c2_s6_n2_r0.5_se4_i1_res512_bf0_bl0_ro1,3,12,True,True,,6.0,6.0,1.48818894789368,1.48818923671371,0.0,0.930133724421981,4.9691,0.0568,2.0,2.0,0.5,6.0,4.0,1,512,2,False,True,False,False,False
packing-complete,cube,c2_s6_n2_r0.5_se4_i1_res512_bf0_bl1_ro0,3,12,True,True,,6.0,6.0,1.49473685225521,1.49473701011156,0.0,0.930939579015533,4.244,0.052,2.0,2.0,0.5,6.0,4.0,1,512,2,False,False,True,False,False
packing-complete,cube,c2_s6_n2_r0.5_se4_i1_res512_bf0_bl1_ro1,3,12,True,True,,6.0,6.0,1.52127663918287,1.52127680934638,0.0,0.934263911040597,4.7799,0.049,2.0,2.0,0.5,6.0,4.0,1,512,2,False,True,True,False,False
packing-complete,cube,c2_s6_n2_r0.5_se4_i1_res512_bf1_bl0_ro0,3,12,True,True,,6.0,6.0,1.50537640871841,1.50537656035831,0.0,0.964544914120353,4.8066,0.0544,2.0,2.0,0.5,6.0,4.0,1,512,2,True,False,False,False,False
packing-complete,cube,c2_s6_n2_r0.5_se4_i1_res512_bf1_bl0_ro1,3,12,True,True,,6.0,6.0,1.50537643448183,1.50537656035831,0.0,0.964544914120353,5.5455,0.0523,2.0,2.0,0.5,6.0,4.0,1,512,2,True,True,False,False,False
packing-complete,cube,c2_s6_n2_r0.5_se4_i1_res512_bf1_bl1_ro0,3,12,True,True,,6.0,6.0,1.50537640871841,1.50537656035831,0.0,0.964544914120353,3.93,0.0529,2.0,2.0,0.5,6.0,4.0,1,512,2,True,False,True,False,False
packing-complete,cube,c2_s6_n2_r0.5_se4_i1_res512_bf1_bl1_ro1,3,12,True,True,,6.0,6.0,1.50537643448183,1.50537656035831,0.0,0.964544914120353,5.1776,0.0517,2.0,2.0,0.5,6.0,4.0,1,512,2,True,True,True,False,False
packing-complete,cube,c2_s6_n2_r0.5_se4_i1_res2048_bf0_bl0_ro0,3,12,True,True,,6.0,6.0,1.53891433630754,1.53891445442035,0.0,0.888725322988401,50.3534,0.0582,2.0,2.0,0.5,6.0,4.0,1,2048,8,False,False,False,False,False
packing-complete,cube,c2_s6_n2_r0.5_se4_i1_res2048_bf0_bl0_ro1,3,12,True,True,,6.0,6.0,1.00806085758428,1.00806099035412,0.0,0.636110761451754,83.7396,0.0598,2.0,2.0,0.5,6.0,4.0,1,2048,8,False,True,False,False,False
packing-complete,cube,c2_s6_n2_r0.5_se4_i1_res2048_bf0_bl1_ro0,3,12,True,True,,6.0,6.0,1.55874667007903,1.55874685220569,0.0,0.876380955170701,51.4534,0.0584,2.0,2.0,0.5,6.0,4.0,1,2048,8,False,False,True,False,False
packing-complete,cube,c2_s6_n2_r0.5_se4_i1_res2048_bf0_bl1_ro1,3,12,True,True,,6.0,6.0,1.21786499640389,1.21786514638436,0.0,0.780982883206629,83.6242,0.0589,2.0,2.0,0.5,6.0,4.0,1,2048,8,False,True,True,False,False
packing-complete,cube,c2_s6_n2_r0.5_se4_i1_res2048_bf1_bl1_ro1,3,12,True,True,,6.0,6.0,1.50540540580572,1.50540557673579,0.0,0.972319717120165,82.4664,0.06,2.0,2.0,0.5,6.0,4.0,1,2048,8,True,True,True,False,False
final-ab,bust,old-default_res512_merge0,3,1997,True,True,,80.0,51.0,1.03383431088876,3.23458585403191,0.0,0.595247215460841,408.5288,3.9387,2.0,2.0,0.009999999776482582,6.0,4.0,1,512,2,False,True,False,True,False
final-ab,bust,old-default_res512_merge1,3,1997,True,True,,29.0,18.0,1.05255702924683,3.4476841307949,0.0,0.371840557044724,679.0414,3.3802,2.0,2.0,0.009999999776482582,6.0,4.0,1,512,2,False,True,False,True,True
final-ab,bust,old-default_res2048_merge0,1,1997,True,True,,80.0,51.0,1.05861383117931,3.40396936785803,0.0,0.587361654363622,10576.7708,3.6218,2.0,2.0,0.009999999776482582,6.0,4.0,1,2048,8,False,True,False,True,False
final-ab,bust,old-default_res2048_merge1,1,1997,True,True,,30.0,20.0,1.07389245661819,3.40380768066866,0.0,0.520031311501227,14096.2714,4.0828,2.0,2.0,0.009999999776482582,6.0,4.0,1,2048,8,False,True,False,True,True
final-ab,bust,round05_res512_merge0,3,1997,True,True,,81.0,46.0,1.09449263958887,2.44181828848362,0.0,0.617434383204084,195.1532,3.5136,2.0,2.0,0.5,6.0,4.0,1,512,2,False,True,False,True,False
final-ab,bust,round05_res512_merge1,3,1997,True,True,,28.0,14.0,1.10771889327813,3.75915935603035,0.0,0.477635572432289,450.9819,3.8937,2.0,2.0,0.5,6.0,4.0,1,512,2,False,True,False,True,True
final-ab,bust,round05_res2048_merge0,3,1997,True,True,,81.0,46.0,1.02711696656626,2.39625588005531,0.0,0.620387933717206,889.6153,3.9542,2.0,2.0,0.5,6.0,4.0,1,2048,8,False,True,False,True,False
final-ab,bust,round05_res2048_merge1,1,1997,True,True,,29.0,13.0,1.03837161839101,3.90045473254445,0.0,0.504068520670351,11137.5544,3.4426,2.0,2.0,0.5,6.0,4.0,1,2048,8,False,True,False,True,True
final-ab,bust,round05-it4_res512_merge0,3,1997,True,True,,80.0,51.0,1.03383431088876,3.23458585403191,0.0,0.595247215460841,436.7977,4.1553,2.0,2.0,0.5,6.0,4.0,4,512,2,False,True,False,True,False
final-ab,bust,round05-it4_res512_merge1,3,1997,True,True,,29.0,18.0,1.05255702924683,3.4476841307949,0.0,0.371840557044724,703.0851,3.3296,2.0,2.0,0.5,6.0,4.0,4,512,2,False,True,False,True,True
final-ab,bust,round05-it4_res2048_merge0,1,1997,True,True,,80.0,51.0,1.05861383117931,3.40396936785803,0.0,0.587361654363622,10072.4539,3.4914,2.0,2.0,0.5,6.0,4.0,4,2048,8,False,True,False,True,False
final-ab,bust,round05-it4_res2048_merge1,1,1997,True,True,,30.0,20.0,1.07389245661819,3.40380768066866,0.0,0.520031311501227,14082.1349,3.4899,2.0,2.0,0.5,6.0,4.0,4,2048,8,False,True,False,True,True
final-ab,bust,high-normal_res512_merge0,3,1997,True,True,,87.0,48.0,1.04686895049963,3.08596587285269,0.0,0.55634215288186,430.9001,3.5185,5.0,8.0,0.009999999776482582,6.0,4.0,1,512,2,False,True,False,True,False
final-ab,bust,high-normal_res512_merge1,3,1997,True,True,,30.0,17.0,1.06294450762181,2.78980186974809,0.0,0.401204710941796,684.6422,3.4402,5.0,8.0,0.009999999776482582,6.0,4.0,1,512,2,False,True,False,True,True
final-ab,bust,high-normal_res2048_merge0,1,1997,True,True,,87.0,48.0,1.03466315605557,2.80097790078085,0.0,0.547506533513602,12339.0478,3.9826,5.0,8.0,0.009999999776482582,6.0,4.0,1,2048,8,False,True,False,True,False
final-ab,bust,high-normal_res2048_merge1,1,1997,True,True,,30.0,18.0,1.05217616699602,2.80056137437357,0.0,0.445336085754967,20971.5141,4.6544,5.0,8.0,0.009999999776482582,6.0,4.0,1,2048,8,False,True,False,True,True
final-ab,bust,user-current_res512_merge0,1,1997,True,True,,82.0,47.0,1.17659918860107,2.90239680885211,0.0,0.591364826604743,2013.3801,3.9081,10.0,7.099999904632568,0.7300000190734863,20.0,251.0,16,512,2,True,True,True,True,False
final-ab,bust,user-current_res512_merge1,1,1997,True,True,,36.0,19.0,1.18991978974244,3.19395923035746,0.0,0.452684966413136,2614.8742,4.0946,10.0,7.099999904632568,0.7300000190734863,20.0,251.0,16,512,2,True,True,True,True,True
final-ab,wave,old-default_res512_merge0,3,800,True,True,,1.0,0.0,1.09928954312326,1.20964981967972,0.0,0.880711955305057,29.1239,1.9967,2.0,2.0,0.009999999776482582,6.0,4.0,1,512,2,False,True,False,True,False
final-ab,wave,old-default_res512_merge1,3,800,True,True,,1.0,0.0,1.09928954312326,1.20964981967972,0.0,0.880711955305057,36.3024,2.0781,2.0,2.0,0.009999999776482582,6.0,4.0,1,512,2,False,True,False,True,True
final-ab,wave,old-default_res2048_merge0,3,800,True,True,,1.0,0.0,1.09941079558711,1.20980662786853,0.0,0.883492402193103,179.1253,1.1908,2.0,2.0,0.009999999776482582,6.0,4.0,1,2048,8,False,True,False,True,False
final-ab,wave,old-default_res2048_merge1,3,800,True,True,,1.0,0.0,1.09941079558711,1.20980662786853,0.0,0.883492402193103,146.419,1.1929,2.0,2.0,0.009999999776482582,6.0,4.0,1,2048,8,False,True,False,True,True
final-ab,wave,round05_res512_merge0,3,800,True,True,,1.0,0.0,1.06263177357563,1.13743918025569,0.0,0.881590123937927,27.0782,1.8423,2.0,2.0,0.5,6.0,4.0,1,512,2,False,True,False,True,False
final-ab,wave,round05_res512_merge1,3,800,True,True,,1.0,0.0,1.06263177357563,1.13743918025569,0.0,0.881590123937927,30.8392,2.0663,2.0,2.0,0.5,6.0,4.0,1,512,2,False,True,False,True,True
final-ab,wave,round05_res2048_merge0,3,800,True,True,,1.0,0.0,1.062640985648,1.13747965763585,0.0,0.884371524774625,153.1606,1.7696,2.0,2.0,0.5,6.0,4.0,1,2048,8,False,True,False,True,False
final-ab,wave,round05_res2048_merge1,3,800,True,True,,1.0,0.0,1.062640985648,1.13747965763585,0.0,0.884371524774625,148.7661,1.6391,2.0,2.0,0.5,6.0,4.0,1,2048,8,False,True,False,True,True
final-ab,wave,round05-it4_res512_merge0,3,800,True,True,,1.0,0.0,1.10197521996913,1.20410717397432,0.0,0.873880001127329,92.0461,1.2063,2.0,2.0,0.5,6.0,4.0,4,512,2,False,True,False,True,False
final-ab,wave,round05-it4_res512_merge1,3,800,True,True,,1.0,0.0,1.10197521996913,1.20410717397432,0.0,0.873880001127329,83.492,1.6667,2.0,2.0,0.5,6.0,4.0,4,512,2,False,True,False,True,True
final-ab,wave,round05-it4_res2048_merge0,3,800,True,True,,1.0,0.0,1.10210243183615,1.20427246137072,0.0,0.876627619173966,220.2733,1.1629,2.0,2.0,0.5,6.0,4.0,4,2048,8,False,True,False,True,False
final-ab,wave,round05-it4_res2048_merge1,3,800,True,True,,1.0,0.0,1.10210243183615,1.20427246137072,0.0,0.876627619173966,204.1938,1.2692,2.0,2.0,0.5,6.0,4.0,4,2048,8,False,True,False,True,True
final-ab,wave,high-normal_res512_merge0,3,800,True,True,,1.0,0.0,1.0849889171418,1.1871408605895,0.0,0.893909721804928,19.6661,1.2469,5.0,8.0,0.009999999776482582,6.0,4.0,1,512,2,False,True,False,True,False
final-ab,wave,high-normal_res512_merge1,3,800,True,True,,1.0,0.0,1.0849889171418,1.1871408605895,0.0,0.893909721804928,19.463,1.445,5.0,8.0,0.009999999776482582,6.0,4.0,1,512,2,False,True,False,True,True
final-ab,wave,high-normal_res2048_merge0,3,800,True,True,,1.0,0.0,1.08507297420674,1.18727268312643,0.0,0.896750770093878,133.5624,1.2662,5.0,8.0,0.009999999776482582,6.0,4.0,1,2048,8,False,True,False,True,False
final-ab,wave,high-normal_res2048_merge1,3,800,True,True,,1.0,0.0,1.08507297420674,1.18727268312643,0.0,0.896750770093878,129.9337,1.2398,5.0,8.0,0.009999999776482582,6.0,4.0,1,2048,8,False,True,False,True,True
final-ab,wave,user-current_res512_merge0,3,800,True,True,,1.0,0.0,1.10198324542436,1.2041168317419,0.0,0.873888466743604,296.9526,1.2592,10.0,7.099999904632568,0.7300000190734863,20.0,251.0,16,512,2,True,True,True,True,False
final-ab,wave,user-current_res512_merge1,3,800,True,True,,1.0,0.0,1.10198324542436,1.2041168317419,0.0,0.873888466743604,309.1833,1.9054,10.0,7.099999904632568,0.7300000190734863,20.0,251.0,16,512,2,True,True,True,True,True
final-ab,cylinder,old-default_res512_merge0,3,320,True,True,,6.0,0.0,1.09845849033142,1.37229431109871,0.0,0.624682246117037,29.1103,0.3345,2.0,2.0,0.009999999776482582,6.0,4.0,1,512,2,False,True,False,True,False
final-ab,cylinder,old-default_res512_merge1,3,320,True,True,,4.0,0.0,1.09899027721762,1.37453414949146,0.0,0.622144817543257,89.9735,0.3286,2.0,2.0,0.009999999776482582,6.0,4.0,1,512,2,False,True,False,True,True
final-ab,cylinder,old-default_res2048_merge0,3,320,True,True,,5.0,0.0,1.22183702055052,1.23552923064456,0.0,0.747730516539648,448.0807,0.5863,2.0,2.0,0.009999999776482582,6.0,4.0,1,2048,8,False,True,False,True,False
final-ab,cylinder,old-default_res2048_merge1,1,320,True,True,,4.0,0.0,1.22191562122646,1.23608139508851,0.0,0.625134268897327,3752.2979,0.3602,2.0,2.0,0.009999999776482582,6.0,4.0,1,2048,8,False,True,False,True,True
final-ab,cylinder,round05_res512_merge0,3,320,True,True,,6.0,0.0,1.09845849033142,1.37229431109871,0.0,0.624682246117037,29.1882,0.3358,2.0,2.0,0.5,6.0,4.0,1,512,2,False,True,False,True,False
final-ab,cylinder,round05_res512_merge1,3,320,True,True,,4.0,0.0,1.09899027721762,1.37453414949146,0.0,0.622144817543257,89.8328,0.3294,2.0,2.0,0.5,6.0,4.0,1,512,2,False,True,False,True,True
final-ab,cylinder,round05_res2048_merge0,3,320,True,True,,5.0,0.0,1.22183702055052,1.23552923064456,0.0,0.747730516539648,437.1645,0.3857,2.0,2.0,0.5,6.0,4.0,1,2048,8,False,True,False,True,False
final-ab,cylinder,round05_res2048_merge1,1,320,True,True,,4.0,0.0,1.22191562122646,1.23608139508851,0.0,0.625134268897327,3683.5644,0.3617,2.0,2.0,0.5,6.0,4.0,1,2048,8,False,True,False,True,True
final-ab,cylinder,round05-it4_res512_merge0,3,320,True,True,,6.0,0.0,1.09845847882618,1.37229431109871,0.0,0.624682246117037,30.3247,0.3421,2.0,2.0,0.5,6.0,4.0,4,512,2,False,True,False,True,False
final-ab,cylinder,round05-it4_res512_merge1,3,320,True,True,,4.0,0.0,1.0992519386194,1.37391344973881,0.0,0.66763370528111,109.5274,0.3585,2.0,2.0,0.5,6.0,4.0,4,512,2,False,True,False,True,True
final-ab,cylinder,round05-it4_res2048_merge0,3,320,True,True,,5.0,0.0,1.22183702055052,1.23552923064456,0.0,0.747730516539648,460.1417,0.3854,2.0,2.0,0.5,6.0,4.0,4,2048,8,False,True,False,True,False
final-ab,cylinder,round05-it4_res2048_merge1,1,320,True,True,,4.0,0.0,1.22191562122646,1.23608139508851,0.0,0.625134268897327,3799.8929,0.3718,2.0,2.0,0.5,6.0,4.0,4,2048,8,False,True,False,True,True
final-ab,cylinder,high-normal_res512_merge0,3,320,True,True,,6.0,0.0,1.09845847716683,1.37229279964274,0.0,0.624682246117037,32.9064,0.3316,5.0,8.0,0.009999999776482582,6.0,4.0,1,512,2,False,True,False,True,False
final-ab,cylinder,high-normal_res512_merge1,3,320,True,True,,4.0,0.0,1.09925214347509,1.37391074421053,0.0,0.667633782670699,102.7204,0.3573,5.0,8.0,0.009999999776482582,6.0,4.0,1,512,2,False,True,False,True,True
final-ab,cylinder,high-normal_res2048_merge0,3,320,True,True,,5.0,0.0,1.22183702055052,1.23552923064456,0.0,0.747730516539648,417.9617,0.6333,5.0,8.0,0.009999999776482582,6.0,4.0,1,2048,8,False,True,False,True,False
final-ab,cylinder,high-normal_res2048_merge1,1,320,True,True,,4.0,0.0,1.22191562122646,1.23608139508851,0.0,0.625134268897327,4059.4027,0.3673,5.0,8.0,0.009999999776482582,6.0,4.0,1,2048,8,False,True,False,True,True
final-ab,cylinder,user-current_res512_merge0,3,320,True,True,,5.0,0.0,1.25962707741786,1.27537776988289,0.0,0.784328229974109,54.4006,0.3889,10.0,7.099999904632568,0.7300000190734863,20.0,251.0,16,512,2,True,True,True,True,False
final-ab,cylinder,user-current_res512_merge1,3,320,True,True,,4.0,0.0,1.25883493915273,1.27934321802813,0.0,0.638995079162831,217.9442,0.3452,10.0,7.099999904632568,0.7300000190734863,20.0,251.0,16,512,2,True,True,True,True,True
final-ab,torus,old-default_res512_merge0,3,768,True,True,,12.0,1.0,1.05417939693317,1.15138843751019,0.0,0.505269375252523,74.2096,1.0358,2.0,2.0,0.009999999776482582,6.0,4.0,1,512,2,False,True,False,True,False
final-ab,torus,old-default_res512_merge1,3,768,True,True,,5.0,0.0,1.06222008570312,1.71052017962729,0.0,0.296309135759595,170.3565,1.9107,2.0,2.0,0.009999999776482582,6.0,4.0,1,512,2,False,True,False,True,True
final-ab,torus,old-default_res2048_merge0,3,768,True,True,,12.0,1.0,1.03162145589905,1.11178295770498,0.0,0.498324852710609,924.2267,1.0573,2.0,2.0,0.009999999776482582,6.0,4.0,1,2048,8,False,True,False,True,False
final-ab,torus,old-default_res2048_merge1,1,768,True,True,,5.0,0.0,1.04124741116318,1.63342173830303,0.0,0.210968463596655,10544.6802,1.8912,2.0,2.0,0.009999999776482582,6.0,4.0,1,2048,8,False,True,False,True,True
final-ab,torus,round05_res512_merge0,3,768,True,True,,11.0,0.0,1.04332950342403,1.3701718914335,0.0,0.507925449887682,68.0657,1.0115,2.0,2.0,0.5,6.0,4.0,1,512,2,False,True,False,True,False
final-ab,torus,round05_res512_merge1,3,768,True,True,,6.0,0.0,1.05086770133383,1.44878160048232,0.0,0.189276361523195,139.6084,0.8808,2.0,2.0,0.5,6.0,4.0,1,512,2,False,True,False,True,True
final-ab,torus,round05_res2048_merge0,3,768,True,True,,11.0,0.0,1.0781241658316,1.40441087340604,0.0,0.518065232610701,903.5594,1.6698,2.0,2.0,0.5,6.0,4.0,1,2048,8,False,True,False,True,False
final-ab,torus,round05_res2048_merge1,1,768,True,True,,6.0,0.0,1.08371034117175,1.50867846162559,0.0,0.18811955849308,4416.532,0.9032,2.0,2.0,0.5,6.0,4.0,1,2048,8,False,True,False,True,True
final-ab,torus,round05-it4_res512_merge0,3,768,True,True,,11.0,0.0,1.04778137915747,1.36047927473232,0.0,0.557786846556578,81.0724,1.0196,2.0,2.0,0.5,6.0,4.0,4,512,2,False,True,False,True,False
final-ab,torus,round05-it4_res512_merge1,3,768,True,True,,8.0,0.0,1.04958174123565,1.47876662477751,0.0,0.238894173674444,185.1136,0.9099,2.0,2.0,0.5,6.0,4.0,4,512,2,False,True,False,True,True
final-ab,torus,round05-it4_res2048_merge0,3,768,True,True,,11.0,0.0,1.04817933279216,1.348501775707,0.0,0.560342300123831,913.1324,1.0192,2.0,2.0,0.5,6.0,4.0,4,2048,8,False,True,False,True,False
final-ab,torus,round05-it4_res2048_merge1,1,768,True,True,,8.0,0.0,1.05024889048511,1.47915443269001,0.0,0.240372120175628,3172.2065,1.4237,2.0,2.0,0.5,6.0,4.0,4,2048,8,False,True,False,True,True
final-ab,torus,high-normal_res512_merge0,3,768,True,True,,10.0,0.0,1.24652310920633,1.36304958465248,0.0,0.531699113996542,78.2705,1.1184,5.0,8.0,0.009999999776482582,6.0,4.0,1,512,2,False,True,False,True,False
final-ab,torus,high-normal_res512_merge1,3,768,True,True,,5.0,0.0,1.25125849629218,2.19262447006578,0.0,0.380127244301244,224.3013,1.0329,5.0,8.0,0.009999999776482582,6.0,4.0,1,512,2,False,True,False,True,True
final-ab,torus,high-normal_res2048_merge0,3,768,True,True,,10.0,0.0,1.25705439624282,1.504246792714,0.0,0.545550702184632,937.4336,1.0792,5.0,8.0,0.009999999776482582,6.0,4.0,1,2048,8,False,True,False,True,False
final-ab,torus,high-normal_res2048_merge1,1,768,True,True,,7.0,0.0,1.25693563877469,1.9007900004636,0.0,0.3931885879799,5841.752,1.0017,5.0,8.0,0.009999999776482582,6.0,4.0,1,2048,8,False,True,False,True,True
final-ab,torus,user-current_res512_merge0,3,768,True,True,,10.0,1.0,1.51545975509844,1.94754738222479,0.0,0.617422162113301,162.0281,0.9958,10.0,7.099999904632568,0.7300000190734863,20.0,251.0,16,512,2,True,True,True,True,False
final-ab,torus,user-current_res512_merge1,3,768,True,True,,5.0,0.0,1.52616542572416,2.31315720100245,0.0,0.605469496799888,622.2513,1.2144,10.0,7.099999904632568,0.7300000190734863,20.0,251.0,16,512,2,True,True,True,True,True
final-ab,cube,old-default_res512_merge0,3,12,True,True,,6.0,6.0,1.48818894789368,1.48818923671371,0.0,0.930133724421981,15.8487,0.0538,2.0,2.0,0.009999999776482582,6.0,4.0,1,512,2,False,True,False,True,False
final-ab,cube,old-default_res512_merge1,3,12,True,True,,2.0,2.0,1.48822997619251,1.48880365508375,0.0,0.485796005973069,37.6272,0.0571,2.0,2.0,0.009999999776482582,6.0,4.0,1,512,2,False,True,False,True,True
final-ab,cube,old-default_res2048_merge0,3,12,True,True,,6.0,6.0,1.00806085758428,1.00806099035412,0.0,0.636110761451754,293.6857,0.0549,2.0,2.0,0.009999999776482582,6.0,4.0,1,2048,8,False,True,False,True,False
final-ab,cube,old-default_res2048_merge1,1,12,True,True,,2.0,2.0,1.00806534203952,1.00809306297647,0.0,0.604642561305579,2643.997,0.0487,2.0,2.0,0.009999999776482582,6.0,4.0,1,2048,8,False,True,False,True,True
final-ab,cube,round05_res512_merge0,3,12,True,True,,6.0,6.0,1.48818894789368,1.48818923671371,0.0,0.930133724421981,17.157,0.0545,2.0,2.0,0.5,6.0,4.0,1,512,2,False,True,False,True,False
final-ab,cube,round05_res512_merge1,3,12,True,True,,2.0,2.0,1.48822997619251,1.48880365508375,0.0,0.485796005973069,37.6922,0.0465,2.0,2.0,0.5,6.0,4.0,1,512,2,False,True,False,True,True
final-ab,cube,round05_res2048_merge0,3,12,True,True,,6.0,6.0,1.00806085758428,1.00806099035412,0.0,0.636110761451754,269.9946,0.0551,2.0,2.0,0.5,6.0,4.0,1,2048,8,False,True,False,True,False
final-ab,cube,round05_res2048_merge1,1,12,True,True,,2.0,2.0,1.00806534203952,1.00809306297647,0.0,0.604642561305579,3510.4031,0.0627,2.0,2.0,0.5,6.0,4.0,1,2048,8,False,True,False,True,True
final-ab,cube,round05-it4_res512_merge0,3,12,True,True,,6.0,6.0,1.48818894789368,1.48818923671371,0.0,0.930133724421981,15.5958,0.0544,2.0,2.0,0.5,6.0,4.0,4,512,2,False,True,False,True,False
final-ab,cube,round05-it4_res512_merge1,3,12,True,True,,2.0,2.0,1.48822997619251,1.48880365508375,0.0,0.485796005973069,39.0523,0.0503,2.0,2.0,0.5,6.0,4.0,4,512,2,False,True,False,True,True
final-ab,cube,round05-it4_res2048_merge0,3,12,True,True,,6.0,6.0,1.00806085758428,1.00806099035412,0.0,0.636110761451754,284.8081,0.0566,2.0,2.0,0.5,6.0,4.0,4,2048,8,False,True,False,True,False
final-ab,cube,round05-it4_res2048_merge1,1,12,True,True,,2.0,2.0,1.00806534203952,1.00809306297647,0.0,0.604642561305579,2605.8243,0.0503,2.0,2.0,0.5,6.0,4.0,4,2048,8,False,True,False,True,True
final-ab,cube,high-normal_res512_merge0,3,12,True,True,,6.0,6.0,1.48818894789368,1.48818923671371,0.0,0.930133724421981,14.9132,0.0539,5.0,8.0,0.009999999776482582,6.0,4.0,1,512,2,False,True,False,True,False
final-ab,cube,high-normal_res512_merge1,3,12,True,True,,2.0,2.0,1.48822997619251,1.48880365508375,0.0,0.485796005973069,36.7306,0.0499,5.0,8.0,0.009999999776482582,6.0,4.0,1,512,2,False,True,False,True,True
final-ab,cube,high-normal_res2048_merge0,3,12,True,True,,6.0,6.0,1.00806085758428,1.00806099035412,0.0,0.636110761451754,264.7178,0.0527,5.0,8.0,0.009999999776482582,6.0,4.0,1,2048,8,False,True,False,True,False
final-ab,cube,high-normal_res2048_merge1,1,12,True,True,,2.0,2.0,1.00806534203952,1.00809306297647,0.0,0.604642561305579,2487.0399,0.0468,5.0,8.0,0.009999999776482582,6.0,4.0,1,2048,8,False,True,False,True,True
final-ab,cube,user-current_res512_merge0,3,12,True,True,,6.0,6.0,1.50537643448183,1.50537656035831,0.0,0.964544914120353,13.9357,0.0544,10.0,7.099999904632568,0.7300000190734863,20.0,251.0,16,512,2,True,True,True,True,False
final-ab,cube,user-current_res512_merge1,3,12,True,True,,2.0,2.0,1.50555234627202,1.50686693820564,0.0,0.606228192239076,83.214,0.0497,10.0,7.099999904632568,0.7300000190734863,20.0,251.0,16,512,2,True,True,True,True,True
